battery_level,average_speed,temperature,terrain_type,driving_habits,weather_conditions,vehicle_condition,distance_to_empty
59.73025448336681,95.10034737261125,23.193472127049525,0,0,0,53.48313563593335,45.28568456133971
16.33273485621436,58.74367431993838,18.441992251721263,1,0,3,28.001327312509027,-3.875503555964455
4.970463267426329,117.04213824807417,7.024025132356231,1,1,3,14.659414478316057,-0.04926949780050638
18.18017691806514,51.95038796165558,24.63478482510456,1,0,1,72.51190762295468,10.292162066561708
63.737482392530396,66.33550166859051,1.6235394622954136,0,0,0,74.95010444388718,64.29918090178342
92.06519451935604,7.047746556808749,11.558000697953767,0,0,3,79.68576400796572,123.08348817181104
72.43501798540032,68.08557340739235,25.97373770703947,1,0,3,37.00596939264389,65.92569529894993
12.499407492201698,21.172057403763848,31.891777344132105,1,1,1,59.182148791244295,19.33845519253447
56.86038060788879,119.80483757632824,37.0139507284593,0,0,0,91.73924817108765,61.763046051948905
83.96596506879085,76.68143915913295,22.776438956602032,0,1,3,50.03935645061491,78.48486647151377
29.3831112927205,96.69707175954267,30.733590803868715,0,1,3,54.32998433369038,45.57663670862345
88.87871979353523,78.58018068743338,14.500471864846514,1,1,2,86.51845051789316,77.6042312286752
28.723089728058902,16.92078041324299,22.34283456093639,0,1,2,93.66625835678808,25.864160740113725
92.71717608687389,111.82685133419555,1.5955928016777543,1,1,0,71.15797528161279,68.44223159557276
4.464425441507114,41.529365921056495,18.65983216626965,0,1,1,15.47436120661021,-15.92442426406593
16.138489790523636,28.189523666393082,29.210785936106568,1,1,1,2.7006156892385613,-7.760528147671396
55.38860128700066,63.712878487613125,6.040358857004686,0,1,1,60.92359392623939,71.44508211361837
26.78368367282119,9.01819411794996,1.6279613847696162,1,0,2,66.31811973186078,11.38479440509947
38.608952928868455,72.171987312955,36.293085908009616,0,0,1,89.51116582972739,47.290824382615426
58.624041194586106,43.00974906728961,26.91963992093804,0,1,2,54.610036671634,78.05087075660683
74.13135880847105,73.51637320546683,26.729698629939872,1,0,2,51.52616335386886,57.28766033901291
51.910722428830546,57.04292731614813,0.7605243869011469,0,1,3,30.16175826215598,49.290938522473986
67.96168591862885,97.47628056381451,21.90674834274858,1,0,1,24.745293518294677,65.18695718093696
52.79466525544012,1.647769853119172,34.003579629171014,0,0,0,93.28316918617519,46.94607122815568
60.107058455834014,94.97263728734922,12.240417007500541,0,1,0,82.50378880063157,44.4970897457497
37.23600769160975,41.10850802948107,19.012254055850562,0,1,0,6.695963974146679,25.721054647813453
34.9815060524646,28.60806939805751,21.1028284437624,0,0,1,0.8354671295000782,29.688246062963202
80.90285665688705,11.056018300987972,29.177211583027997,0,0,3,5.9139251397783426,99.77675246730198
39.16353860922462,39.19427606892541,17.38859450742865,1,0,0,67.41596901291655,48.64094053752507
57.280822540586165,69.97094163382403,38.08770019244144,1,0,3,33.4634987178943,56.38720057818375
79.46939050324977,12.189060142699724,32.9630038444832,0,1,2,62.300330630421556,82.35927261175317
33.37995910085074,41.94093450378164,1.0433676304173956,1,1,3,0.9392406471221415,20.85829883143001
47.78600685868737,3.94289132464531,19.14411826981899,0,0,2,26.70793769788934,59.42413688703335
7.449672612470359,36.33134863938936,39.341553392749944,1,0,1,85.08317758709178,0.9425252519706024
44.36128280768259,55.95624991222419,14.878682883272454,1,0,1,70.35220368558693,42.05880043065673
7.331658531240071,16.982220230210984,14.608903557662568,1,0,0,61.98264409164982,18.05051574964487
10.008064531663507,39.65971284519344,35.34321074113701,0,0,2,2.9119725765668014,17.17407554600712
53.177532495910576,16.259632100577228,4.76871284943766,0,0,3,73.84274448932561,66.22964731284749
46.04025076120536,101.51688569486362,2.0689301281243466,0,1,0,14.23799436586991,46.268039384762076
9.34488234020996,111.62408940123038,38.31749051056748,0,1,3,60.73955077901939,13.896898876384546
1.7180313179222417,47.17943080899565,14.716950357371474,1,0,3,88.1889129481178,7.018566481988461
5.189617966337135,5.609464220717255,2.5453546063921406,0,0,3,85.75837863377438,32.925995838284976
59.761528035202815,96.23779263039322,18.58654357414953,0,0,2,35.41194657604074,75.72785719080846
41.39375094013339,59.529825445848694,25.76547245030321,0,0,0,0.09529427907222221,64.27377532699768
3.2316576949974474,41.92983290975318,4.542746653827416,1,0,1,12.699800674848438,10.021722839276233
81.43071797405514,53.76570687404398,16.339228437901056,1,1,0,88.11675805630004,88.92698846598118
78.9754619877035,15.723434222669894,28.312331341772786,0,0,0,21.23500873901306,89.13837148526352
42.01057303826191,28.55736698199277,4.396328753499219,0,0,3,19.324562555562885,55.498201024424034
30.17774593087943,15.466650487704277,14.497385682707362,0,1,3,47.41221860794672,29.113033686434463
33.38219510303871,78.68392542952822,1.2808764689121288,1,1,2,47.17416581916704,25.506045414460562
83.2133781749848,56.86639717233871,35.45602723112096,0,1,1,2.376894565784904,78.99493689682313
58.033277268000326,61.03708567415709,28.21668380759759,0,1,2,14.600742344840068,60.67172441885715
10.945223162573415,69.03357052877517,7.433016647460597,1,1,2,15.825840726574825,3.7162430137803746
12.33553945416277,30.95340265248379,39.41501473003433,0,0,0,43.98521049425681,20.441783949477625
8.145137940239177,88.09718740788253,15.09797868992639,0,0,1,22.395880804272373,1.6065527756221618
61.62267633858048,96.9461404436693,16.08688440960858,1,1,1,32.25153351914971,45.67375509613454
13.349442512408826,75.20295201032036,38.47029021453177,0,0,1,96.17714121358273,17.365026008971448
93.66485757881597,13.27387717091562,18.09277460661956,1,1,1,17.30970136281904,93.30016746439398
0.7111706467118339,29.743581422130397,23.176095853268286,0,1,2,13.5536253399147,14.647987814063168
63.47488668676819,59.63153496911439,17.122165735940843,1,0,0,43.57179305233644,67.17959848660522
41.47820628061728,25.74419643073191,12.77134868910415,1,0,1,38.15930077476571,23.397353310702485
43.32995895392416,30.007942523372076,7.809530892725984,0,0,2,47.380417467038505,44.161759034052
12.615443887160705,11.729583250207618,27.086746188672475,0,0,1,25.550137943783934,28.93590835591058
6.0702005158440375,55.298996148122136,39.70377021490258,0,0,1,29.185562333669758,7.742146790107323
26.34666298853815,25.631979053421663,35.2743343854125,0,0,1,49.69516639411663,39.053128511776976
89.03004054663954,20.258398538653207,33.835023788791354,0,1,0,74.20809107977449,79.46890866961203
37.66774627117405,49.69331468209457,27.726556184977508,1,0,3,5.538780376217223,31.477544368963397
57.26568141183399,101.45170799058256,19.261647207173674,0,0,3,22.431481274218722,50.57565853268265
97.96283224269796,71.050967307604,7.873323400897929,0,0,3,66.57205945929924,100.81303817631827
77.9073044194479,36.03371793021574,5.392777332425913,0,0,0,50.641593845252316,81.23443215989492
97.11048038173128,37.65884211526352,28.428332037585832,0,0,1,91.62092127754673,130.10056698705992
98.8640975073586,5.627329766454743,38.58452950313425,0,1,3,92.77757862082355,112.57782663291282
34.05752651360602,100.87892482170642,36.3877420521398,1,0,2,5.332241556802442,14.103877718709771
93.10066491882996,107.86486141042269,31.93194805358768,0,0,2,14.294511228481522,78.79962591632176
31.390239487535887,110.24363634609034,22.294170683463967,0,0,2,91.66717843786795,57.177275750478614
53.44903541812125,59.828914172711606,26.887033547863744,0,0,1,77.53068919171201,75.88073873386628
35.659502994402146,100.19566470082768,25.828225800485324,1,1,0,17.901418461244724,10.055087948310897
72.43180578168885,90.16201387726579,17.363993753043726,0,1,0,83.47061007996336,82.06644877224363
5.660392994679297,5.620379384809189,35.52551900572756,0,0,1,14.443128338494027,-9.834700607889044
56.854934231449285,12.280791305500225,26.350264404948085,1,0,2,6.467410675353369,41.15678849565552
64.97986614029784,43.937698084867876,18.008205169146617,1,1,1,66.9257419193813,51.816223501399605
36.508754917139186,13.96549592977317,15.619060934310657,0,0,1,22.733401857122537,36.90832754595962
26.869024885261695,99.87121763886006,14.670206616930482,0,0,2,89.07154015932117,14.847023968323853
23.784974645661972,24.19078452076306,21.524784095321312,1,1,1,2.0946087540811176,7.1160286201624485
20.000821746022602,96.66844853342181,39.91515086018183,0,0,0,35.71211168811128,17.25656866578799
97.2253207073333,23.237820167804596,8.300913104538648,1,0,2,66.2686676978248,89.46251395235139
79.49900201351105,90.21225395253015,28.215053473327586,0,0,0,38.303042984213405,83.46397245166068
13.601336322740764,100.43962900933506,14.612986978166717,1,0,0,20.10490478012903,6.741571104883724
10.509150873044904,75.54373169684843,20.37349364374261,0,1,2,4.309905487974264,16.721216009248693
19.205815107604685,30.23437189248755,20.44206763752536,0,0,3,35.911597575991514,29.519439470175048
11.139753958234843,110.36375033966235,22.46768798543995,1,0,3,73.96222272442844,-10.681725567239402
91.19686571860429,36.81036034115876,11.081518819957466,1,1,1,67.61327742966655,80.79471399110929
54.87737224027352,106.45973524133163,35.29007162379927,0,1,3,26.963321601662837,61.11064994235119
67.2559047853724,112.00304648217423,8.285164768995621,0,1,3,30.50072270144788,53.19692133498955
27.318845893241562,4.576207108159345,24.72277282123139,1,1,2,28.888637723995547,14.845449839722496
7.065693362826142,1.1190480623159038,11.997263858588173,1,0,0,67.32428370134154,11.03713895516125
25.675847954843746,78.58083517093542,0.2931477598444676,1,0,0,72.11116687321282,13.137106530194778
30.60958604107853,43.395019606332724,29.150030647893303,0,0,2,72.63538865588632,46.82597295389843
85.45120346242258,101.19292866376948,5.939218729258657,0,0,1,67.8211026764552,98.412996770835
87.30579220213984,68.57592684717024,33.506319453818826,0,0,1,33.063508476010774,113.6818559689838
8.958685610459904,54.22227615643085,19.004337219545558,1,1,0,76.80967763389094,0.028711058257449573
44.27487648029823,34.847633834914696,16.531833053882508,0,1,3,95.24450899645865,60.14535417023113
95.78996360874017,75.56896212821175,32.16738750338041,1,0,3,51.04838745326883,92.08689994311356
57.186396286201266,28.569366727094575,29.23477209376058,1,1,1,37.66051747787704,54.279653815850416
4.602157867810197,118.06386799261088,28.688311085532547,0,0,1,99.63213396387864,10.144095756044852
73.12300352859953,74.27375619966547,10.151178651982589,0,0,2,28.863025739459836,74.83636158479058
99.88757199906333,53.166739907783914,20.872887998214075,0,1,3,28.437091818752812,101.26404044931661
25.172509951346477,5.413394386683534,7.160302485536563,1,1,3,43.14832783236481,16.96591040897944
52.46395601937676,62.05046589372897,13.190351598502392,0,1,0,9.534424907909244,55.22323923825611
28.07735126225649,70.47903153568221,18.49108164308868,0,0,2,90.17241046316201,35.00004167169102
74.10426450080311,10.831954728845634,8.477904610842625,0,0,2,27.307188666397952,83.02058072127276
83.0209575985302,79.82539592539337,13.98581986296997,0,1,1,10.012153982324657,88.53700256282394
31.041561269765428,97.68968002195903,25.818171134083183,1,0,0,82.97957841472657,32.720362471852106
40.426874020061476,76.40324003691217,8.424983843083869,1,0,3,92.53520705449246,35.02774210297626
79.9319651443729,27.564238669033113,6.724686222270195,1,0,3,50.60139198429297,63.17829342618077
92.36127771441953,62.23516120928316,36.847873180456,1,0,1,12.434224985573717,76.15041694565281
55.57572971874687,101.91465866430505,14.051021260862036,1,0,3,35.82872335064574,55.22540498708029
22.344875514013694,54.14694943873043,8.494400857550378,1,0,2,34.64785823057318,14.535186793553777
62.03860611524368,61.43022661383051,36.91321059206394,0,1,2,84.12912468917744,52.675857832548346
92.12316074859847,23.41888486998156,32.92858035318117,0,0,0,28.070736636882355,93.48540985706643
0.5917121500719547,85.50523732754866,27.364047307702577,0,1,3,29.516307149935372,0.8979622789099277
66.23726505187615,106.68365420519906,5.024785345353124,1,1,3,42.792693051630295,61.54166540652997
11.566099174404943,117.80540998262663,15.842724696327082,0,0,0,11.177329063477748,-1.4351288940032934
20.79292610851281,92.43135291028729,5.625834645437906,0,0,1,75.35909267496326,28.794338623150423
26.370975921014228,21.676800824459196,30.876581263430353,0,0,2,1.3117238949159837,22.75012600782025
43.877015829286194,95.49928740800661,18.032500898877302,1,1,0,44.07440246885723,18.948919424239108
19.92250136901489,82.58939490464827,4.821875793007169,1,0,2,64.47133374671535,8.616605457845141
17.894507618593714,51.16332916658694,11.53462522692816,0,1,0,57.768774421408054,19.507403136024053
19.89049230874115,92.78567508439237,0.5749203739089959,1,0,2,91.85653492914174,-4.4650135572133
92.59653602730094,3.5149277271522728,11.649133093965212,1,1,2,19.01646302075338,80.25015678070513
63.3649021204724,42.604553165178075,15.125848918453801,1,1,0,93.77326625466503,56.85558186414254
76.93371188024474,50.989818403739434,31.52552376059567,1,0,1,93.595749396405,68.8761679196295
47.82667336879795,22.247708958401113,31.64609809767084,1,1,1,80.4824784726059,37.38352580525837
87.87645400244816,84.13191215416364,22.04788095001191,0,0,1,35.68751171824734,83.61463445397756
7.049249338675123,34.924649830868304,6.3762727394635155,0,1,1,6.63080330828405,-2.3374602878750355
15.901861850396038,22.341984463204835,27.875380627100334,1,0,1,50.38643481934386,32.89216221053524
0.4574702126848629,117.04336377182429,13.787437341855124,1,1,3,5.656256902543544,-4.951649105134663
40.85291115246294,88.64853726557169,15.821752262712403,1,0,0,66.52198973019001,47.51359069214145
89.67846502408425,39.778827392158256,31.96022872091007,1,0,1,94.63924780723629,95.00542377198178
32.11917607314031,89.06988856461022,10.542814873920964,0,0,1,65.93218755671626,40.60564961167027
33.698949643716944,72.42577016358848,7.957105618084763,1,0,1,90.7345517640065,22.877118466391394
81.2583851186984,109.22380321013581,25.684551629102515,1,1,0,77.24953768262813,75.8100972581656
92.6239211849949,80.40466439377305,39.44436777205825,0,0,0,48.63670422478138,106.14771734073317
41.40386817427748,47.971432017146256,12.60417775854255,1,0,1,86.81910181512642,38.23413309842409
37.70882328516144,101.43976585502939,36.42275681112952,1,1,3,49.12202516000054,43.27831040444466
51.28290753104064,66.45202262453336,39.33496050133172,0,0,0,44.024441600858644,41.66434698673921
31.161738755323565,73.37651608611772,20.737368537757828,1,1,1,7.230509838330779,32.45734652560415
87.73470342465986,36.165763793764015,32.25365036619579,1,1,1,55.20011149911673,88.5368649592229
61.6204562761318,10.442911441275902,30.27973727659043,0,0,3,97.4618618462229,77.10546582299061
45.933714381169054,1.895297960895741,13.840964085074079,0,1,0,66.684691252292,61.792003503815586
68.3039116235216,110.97855483073735,27.220076445267853,1,1,0,48.57581082880296,62.15934033075689
57.74990240305474,58.687644095336815,1.5245516087809108,0,0,0,75.66349956587239,64.92983703616753
3.447476363329227,29.49351179363656,11.820990136678482,1,1,3,2.6257946270246135,0.8055886295935304
39.23967368812923,109.73999356041504,22.070095832376623,0,1,1,25.363661458619813,30.86327759792801
16.571245457601158,55.87604931466049,11.120923542958083,1,0,2,94.00038339072508,44.18594604272827
0.855451758943726,79.70514700284875,11.050124863540747,1,0,2,21.747087261040754,7.949675437626977
13.261677437365094,61.89476956249704,15.714974521266418,0,1,2,65.12924872177926,23.665122213202036
93.86205384034771,51.61698722078114,29.826783954166544,0,1,3,9.878390235173896,103.99209086077352
73.90923901949954,25.16818208011532,24.028083935416113,1,1,0,58.771453769104376,58.538254136809634
66.2395226687768,82.8776134657148,24.662804517513504,1,1,0,10.906963398784574,66.26787771385878
29.787903135290104,85.75474216644999,23.597188424538302,0,0,2,87.78832151225554,30.251770803406338
85.35041006098473,95.79198400093449,24.03341072475992,1,1,1,58.56557467152235,71.35465410512526
55.8613990990671,80.67579180411997,35.4015931576737,1,1,1,81.55744176610261,48.28211781659528
70.75981225114394,89.70209210826629,23.410833228626032,1,0,0,27.419116411847632,69.52062471956171
4.828813450272362,26.716600295337667,34.97149186131642,0,0,3,51.67680881278752,27.47004451838697
50.87020258934491,46.84712508682951,27.248509214458004,0,1,2,88.22621269866684,55.268644818933765
65.68946450074446,48.60715269886471,26.84942113340279,0,0,1,64.64551984576923,67.81270670146252
22.66091271136521,59.5425206390083,15.947331615264954,1,1,3,42.62405306765971,20.40782590166582
55.60529208973309,43.17686541639738,8.00150112138859,0,1,0,53.33420713877444,43.11489983780463
51.280409129614256,42.058607335815765,33.43002884820037,0,0,2,39.149896237492044,69.44261848415042
26.627206660490444,93.88023418666047,15.774613804069727,0,0,3,81.49435180753038,21.28402908733795
88.42304799387063,29.481407327827824,1.3509765156205766,1,1,2,98.58433493120747,87.13750644123192
92.22036483998815,76.56804955583979,6.85656333026432,0,1,1,11.700847841893559,72.63625748474854
74.89357428070626,64.48864487865158,28.105160610045065,0,0,0,42.87048578048761,79.35522663387918
43.68347874677181,83.93456395034738,13.310867019566759,1,0,0,93.61187915390985,32.134048435422926
27.644986764100533,64.08585966496169,35.24567633101931,1,0,3,84.1531573926211,20.89223701822356
60.64639008938604,10.066739920914936,2.007798307296702,1,1,2,19.194051472172248,35.732719178072415
9.244157856035562,85.79634882388727,13.933469194598903,0,0,0,5.471859987837946,16.402088244944345
74.60992168143046,17.06722547737187,12.000292046902299,0,1,1,92.23512061940646,78.63818129071883
4.708968829960525,43.458606288880844,14.03882502017737,1,1,2,38.0950893814345,-7.473586289649845
10.244353093936553,108.35284163392997,38.78270842532269,1,1,0,36.86889122203506,-17.07399845826811
35.86263349524425,4.968394495379722,24.957897459306274,1,0,0,4.773731132755876,20.08269692826838
2.3813379189850603,115.18065690585493,26.133958372802372,0,1,1,30.15465822123533,0.3798169708652077
72.51594544038569,20.248737578091756,23.593144735702374,1,0,1,63.151334057891674,76.98468929468257
28.92326351400526,89.45462994304566,25.740042450706703,0,1,2,33.70969079329152,19.511208827202765
13.186962652617817,118.89673402210394,31.936022778767786,0,0,3,33.44559421277293,24.363743378909838
11.804211745697435,25.868771570731255,35.880096171320204,1,1,2,82.50832848262782,31.175617468357814
44.919873625149755,51.252575042009745,32.23152022003198,0,0,3,96.46492451209421,64.14534794443372
1.115075330242954,51.735851425490466,32.46142686955502,0,1,1,43.20207782074451,5.37174139716983
44.17841194783879,56.27462542340341,34.30278854682771,1,1,3,93.08948976755617,49.75273239211649
29.879894355570336,78.11615285238605,20.29505464381017,1,1,0,85.88833421544604,29.2574453372738
97.24798539251415,44.736684567384955,16.426114561430218,1,0,2,52.947426297706336,95.00041616697811
55.121750873395634,61.91007284786268,33.00759833129484,1,1,3,1.892172627765154,49.16500308229143
79.79579974928296,55.54517006212444,5.79966192367066,1,1,1,27.865961726235213,82.75454172226131
35.59376928604514,1.6901207715436595,14.355716238613518,0,1,0,98.82606429782717,53.31430712798643
98.04144675078409,43.901955054792566,32.4090054632587,1,1,0,88.40481194426714,76.46485353599239
3.586374613366239,28.63152763401036,39.65599776281105,1,1,0,79.38899910784758,3.5362547186768296
60.7389587954729,91.49705346031025,3.1334049637851447,0,0,3,14.479991833004924,41.02282031635117
5.90397797397163,28.29381242608705,21.444306543365386,1,1,3,80.89802432016498,1.2173556704871116
60.98855315347319,70.02374160140239,29.415899708815395,0,1,0,43.787036494132856,57.93608913706275
89.45727996303147,8.896634946099905,39.40180364416629,0,1,3,33.65029859743436,97.43694317979539
99.30192245370677,113.93116686657535,20.053885467199297,0,1,0,50.94890308017739,83.33881566376954
11.619937557224514,113.19168364057897,38.46219738635961,1,1,1,93.65422681178399,7.896755253406116
43.67725845371746,46.337250743928855,27.867909300594434,0,0,1,5.6465267189224395,41.2807951566219
90.20224453472669,61.972695142054675,15.30085208829107,0,0,2,32.01389559676239,76.12153478876252
75.82805167443978,119.2531316341489,15.895677903462083,0,1,0,13.665140589515213,74.20653169757014
62.361009385130764,110.58943872466715,33.27290630783257,1,1,1,25.010073324861036,44.613176831439006
81.4221179214466,84.91990123357428,23.440434070997767,1,1,0,53.67343429115997,84.53191042070449
14.101514849974272,0.14106812740950492,16.768289448315684,0,0,0,97.67637771359449,7.128087954665126
61.9130997183172,95.78850101715082,15.673023272729466,1,0,0,58.868855005431875,51.613064979781456
99.33114607456379,9.115048501898233,11.615737668685808,1,1,2,27.628275496926904,103.90293591110944
25.311274747824076,108.43052898944826,38.24504237501742,1,0,3,72.31697912669935,29.761256054723933
26.360239069073586,108.75113791934572,19.780739709859375,0,0,0,91.83278720634434,28.739454047437867
55.47834388441276,34.142966270802916,28.092431202681002,1,1,3,61.581964970789514,52.4569433999287
77.47947791038729,98.97995302045396,11.192222725991758,0,1,1,45.29732959641781,73.80241254810764
99.88426696477565,47.373827227420165,3.871022077626196,1,0,2,1.9217016121158226,97.60536941204927
76.46513883261879,79.76698198005846,28.687500884756748,0,0,3,67.94512204823351,73.94985698881722
48.002418253751934,44.28209582791302,37.199888980562406,1,1,3,4.475669038963536,43.78377233217067
24.36684555922347,26.686033958487975,8.766966473280199,1,1,2,33.30851120468573,21.77419485781421
48.036067813249026,7.866564638166995,35.968914996343585,0,1,3,86.01019868840388,62.636250511310095
6.378377521828849,66.08393202169111,1.9723575151637451,0,1,1,21.032149341479222,-6.076632988579238
30.07462078180638,119.1771142226184,26.947461133578603,0,1,1,65.58012793735136,32.01901621124086
77.19597029985101,7.990384675067839,28.42122572900464,1,1,3,5.589160575196084,88.8973407676257
53.71396880732892,67.37885816100652,17.60837034815765,1,1,1,97.36192466889977,51.4649794367608
76.24899284602832,7.984384270142133,23.034165452796667,0,0,2,41.50817599255048,84.52240299872483
30.803534331506032,60.15015975990134,8.51361208313743,0,0,3,65.27051313151115,42.19793678843096
17.918613656874793,48.08938971064754,35.63556748059733,1,1,1,3.413600468975697,1.4980402543227402
52.10501174778113,111.27292626215107,28.117869967754856,0,0,1,61.79695385491838,33.03444689537729
60.55503214743337,107.38462441674568,20.35316524687665,0,0,3,48.420445337271154,62.35548216708482
79.95087833590432,82.10370101679216,38.824534405284325,0,1,0,91.89537681829944,90.83976402327939
26.702783524775263,109.5540142487741,17.73647540938665,1,1,0,63.20299693235133,28.520663378397877
15.293344202676007,7.159850821181086,20.653323288047304,1,0,0,19.70202934625871,18.772933326802594
16.770576971581153,63.82323554625735,9.009412905821321,1,1,3,16.060637146735246,15.770419224847407
43.62688875052173,27.576317212195924,2.647844465658755,0,0,1,55.06761806359769,50.20418069784788
52.71233692519015,41.332851035436875,10.44566780856309,0,1,2,10.034682422547657,46.62828230756449
31.094347863295503,100.46967706853634,20.82303374017476,0,0,2,73.973286591869,56.47176750397327
51.620792918331794,36.64941034670273,27.33733436496173,0,0,0,29.531827808970068,67.85397844256053
35.17020865741469,103.60007312509303,17.818291405012616,1,1,0,76.11790160957082,19.336231658982097
70.19935874848646,81.86453044628345,5.505723757604701,0,0,2,38.26360261593894,71.05381557088762
17.96580575795177,34.298712863207165,12.45356267724488,0,1,3,10.207062322843385,11.768831139885954
27.51242831908025,64.60097878466873,32.23308286241752,0,0,3,77.23719696362082,43.135460788950844
37.291683957648345,108.65763315680225,3.146384862632794,0,0,2,34.529692279855404,34.32701228200494
11.509601222773247,63.92221549178772,26.557260309047347,1,1,0,76.81040054075613,-5.39284368397719
19.391092859984493,96.71484140115741,9.84458006451273,1,1,3,90.12973344650695,20.415903626903127
53.7802092250366,77.56568227596765,21.680896213156093,1,0,1,69.28291141106749,52.58613710798689
65.32522525906907,4.140290570311276,8.254687114449911,1,0,2,63.0685749980069,70.83281108619407
16.081191025014096,14.1941044712758,23.54092416680534,0,1,3,56.0445384400248,14.221619091482344
38.97125776191448,102.0412469281911,7.454846128782839,0,0,0,5.14305424194249,28.39543216414254
44.02598401168356,79.99702859377875,30.441555280234045,0,0,2,81.56890304102443,54.43474756187196
29.420077775173848,15.652085395899892,4.7287055319191085,0,1,1,32.519132186356245,32.40679777435461
15.014190736455769,72.83872220035413,8.635175285519194,0,1,0,36.79542643020437,14.999378868665122
50.61434214508197,54.56207273909243,30.53233376416362,1,0,3,45.84344841997105,41.20006910587905
57.21785781045629,89.78971655111233,8.709636584825283,1,0,1,11.934323473282483,37.32636236330393
97.85883322251095,69.72390148102768,8.886574394902219,1,0,0,76.52814103540635,91.14762889679739
47.263125695717115,44.853452151298455,25.22369144896951,1,1,2,47.45479363095386,41.48097042654724
21.313265812760495,53.56217920045465,25.50998102817377,0,0,0,67.75789190032368,17.04063700806833
9.36145151524742,15.015260408824496,20.42723859859953,1,0,2,36.11047445742264,4.675945939001997
64.00508442780742,41.48350016721914,23.42530721411356,0,1,3,87.04209334646819,69.36166872498684
43.50130936066077,3.0543686399615266,8.031273611118399,0,1,2,16.260558161965122,34.09170631506266
92.44105295187377,96.38361157699583,2.9136182963052804,0,1,3,76.32096401321502,99.977130247053
70.26220294319363,102.38346501038417,36.00218880881453,1,1,1,0.3628937494428719,39.48235198614018
20.68211858504805,49.83469138557006,20.590445743993286,0,1,2,77.52787955587385,11.33721391059867
69.56762268071162,80.84114924610492,37.45700130617686,1,0,3,2.3196522773533124,59.02445758442741
65.74037169965317,111.34509758628913,3.8291776315953463,0,1,1,42.62947276683451,55.976939435951564
1.3715804049765579,56.90600863035276,8.990073463240513,1,0,2,33.901851812027864,3.8185297808947594
73.7797648658966,80.95468562247017,18.927001044652055,0,0,0,56.41878875609887,79.97616179419971
56.546697836865114,85.14372327241115,36.27872739653991,0,1,1,0.09589738746634824,56.22750774368176
99.71128778429494,98.3402838308109,24.12372574714275,0,0,2,14.706050160571948,86.1980388485762
7.106298082408069,33.23865889614678,10.889658694435882,1,1,3,41.15293262917512,1.1473201984028307
53.53668040739483,99.79044107423267,7.284372800582335,0,0,0,71.65769196638749,57.398013551463855
32.842279136772355,99.21026245775643,5.300000110309977,1,0,3,10.721503354722728,18.05818556733432
72.16766493066828,79.03369797662614,38.69609907035616,0,0,0,91.36393055472371,77.54980599084564
45.50429824141268,6.065862008024712,18.53102208872127,0,1,2,84.77184669529082,48.83940570708039
20.58687391896552,8.018318808465729,6.75787127462895,1,0,3,49.65262243286781,24.34027289300188
13.406108328578014,108.93295536914411,16.407502824411942,0,1,1,67.75188553680104,15.44562292798236
87.93176342529169,49.86515405391828,36.11829089068976,0,1,3,47.136989514304815,94.94121619165894
45.35496084647384,41.783245014336316,0.9021655693929143,0,1,1,29.793898417898014,44.292911903587466
48.61418959693954,76.58966238751127,29.88104089532879,1,1,1,39.39554315327013,46.50909967821255
67.071409866783,35.27869005283733,35.13671818067314,1,1,3,1.8831203460083379,70.09535441628071
63.28217414872861,112.25215976669257,37.95999486809873,1,1,1,31.669828874618112,34.985142345022304
39.06214793553332,68.71872145499404,12.118605805833575,0,0,2,25.402834050304957,48.886614357574956
35.8796906323696,47.92212806748804,13.99560333838993,0,1,1,10.902271081870774,18.66278217064287
87.82067693685349,45.185845751361384,18.17697375608551,0,0,0,79.30928287224734,91.53961015160922
92.80659756781007,46.155300111489474,20.36056729044145,1,0,1,18.49298775018863,86.75810896853605
12.911973039068991,3.4856243906409867,7.304715469335816,1,1,1,30.059520592538558,10.200571030563609
94.14727726108416,55.00517029252694,12.270929813029245,1,1,1,27.07842981724552,72.24290407058356
78.76277159605705,69.45554826511014,12.814041392057089,0,0,2,56.0789108945807,90.39968664072029
58.25825492998169,65.14251299398485,20.04282639132146,1,1,2,26.92658722059049,36.89410538626281
18.958856632528843,91.17082424041645,14.489935496351025,1,1,3,69.64129611421225,2.754280766927325
22.13031393791939,92.354334582288,7.512991820640691,1,0,1,81.5949017819931,9.695818205905653
6.0257783870855,67.54049802473726,25.32337979501916,0,1,1,49.62281073242871,3.539442115437967
40.83142269842027,94.83695442655356,38.384423619862396,1,0,0,42.09383698436706,32.15828147597309
85.08540463133617,70.1672876776259,22.112004594006144,0,0,2,75.15410366523174,98.23148639486789
93.51322086884923,22.562531909773448,35.52744015355293,0,0,3,59.483445719025326,112.76044944541545
68.25491294920313,59.876550132455606,16.511750121325385,1,1,0,3.914777153665139,62.55070421061662
77.41589587951128,7.484410320909771,13.751405722860351,0,0,2,17.113025109538004,79.45082963187969
45.13961231542881,62.24762245187813,12.10241247184407,0,1,1,12.543833077364575,43.56193174691328
87.06255280227776,1.7757246414761818,28.024627809388043,1,0,1,13.586413103857254,90.03880141929488
98.14128350640439,7.007566486948984,12.294874392242399,1,1,2,9.601730031605527,90.89370651701263
80.38928525786902,49.91777178141559,25.56469565909139,1,1,0,41.52382427650091,74.71862233643562
45.85019056057964,117.84849044652174,39.10092329909925,0,0,3,43.40059324755475,61.50407944541441
55.5731992316272,61.078877236562086,5.308529938512909,1,1,3,95.82698819632456,50.54173453734948
96.37337418060032,73.22894614853664,32.71211613481741,0,0,3,21.37709756890335,111.67292942948842
42.69408019767964,22.028647063433272,22.31062312059894,1,0,1,53.56703589616429,33.76458982885891
69.00008397859261,0.1806335128658798,38.28706074174713,1,1,0,74.45791206048841,72.8997314740187
8.49625978007742,104.08439105923013,28.266646931317773,0,1,3,94.7206908061454,11.4089910621828
70.84625874234138,11.434015459235006,21.81438932985769,0,1,2,96.48416484719655,73.45231336320903
98.4006911545834,88.35285364571628,6.869549674111686,1,0,1,22.484255846699885,110.41629672343063
4.963100285632405,100.01404457712044,22.90055409682859,1,0,3,8.596359865225656,-2.839233581531822
23.42816164177308,100.87769039014614,35.18361988148453,1,0,3,60.30689930229877,24.771278591927302
88.56229147455517,14.06799420404733,27.80296846548758,0,0,3,36.81134543740009,107.08626602995767
39.63913381353418,62.393466048926726,3.3847905229845,1,1,0,7.872334112658653,15.884815234360696
67.86923745668835,24.713500654097263,1.0077596065421712,1,1,2,77.46164823291994,70.91398862256654
42.830636492899124,55.32034318492536,26.737239245481828,0,0,3,42.12370452181955,39.825664240871596
92.03809803026421,2.4428539545882266,32.22793581371993,1,0,0,21.48865417327851,71.41646106917952
47.86737590615192,113.17601812317619,34.997204334095734,0,1,0,10.84942920180353,41.3894745732863
87.90696211503602,106.50312810140665,4.091209652518573,1,1,1,95.9928157505376,77.3071681146925
58.63835418515233,82.14693030558387,3.0045265011844657,1,1,3,11.791599601137992,55.55766446262661
80.13651188455091,70.35679059038684,19.012416027936908,0,1,2,34.69301816007815,80.1603258114029
2.5271748819027717,42.80697579031457,32.221854205995015,0,0,3,35.729613192824495,8.704638251318363
30.228150150252674,52.20215064709359,14.050229357916031,1,1,2,88.16314770494604,16.64790840743448
7.276300796512447,57.00526971659506,38.28696979929981,1,0,1,45.921412843506324,-1.7456988400923752
15.440855433852018,94.6544833866413,12.113024843560328,0,1,3,41.46906348378151,32.133485988383704
78.73789933540009,35.52392404411345,18.20599597496786,0,0,2,16.944744352592387,80.51252266969144
86.06006403582518,36.40487586358293,27.10601272282617,0,1,3,62.75212058104022,76.18511118359791
78.08533279042703,20.971727370003844,33.73945798894298,1,0,3,33.3344362435933,65.92623582695174
69.33193646993143,26.93677234454928,39.15100314922582,0,0,1,70.4343653505909,84.92569916304511
51.786569863697174,97.12208659717449,8.308463439640995,0,0,0,32.17407112077457,35.50683759311347
97.3981269920408,47.67561648918152,11.58146887617522,0,0,2,46.72272693016384,103.66826539467141
20.317443868965736,105.40421677804933,10.279999430611767,0,0,2,37.28548657164078,45.097299812465494
49.35660129169058,47.8794435718537,3.8408094356184463,0,1,0,31.972073370172417,23.301257214361524
55.94192192496747,1.3926637164483946,22.287395637923076,0,1,3,48.94137953450001,59.12595740926517
68.55902798725187,88.99317254229796,33.085822033579475,0,0,2,47.701798058142664,78.79559797731861
10.195139610848514,19.982998779612494,0.5258010045907868,1,0,2,57.383759632207564,10.264555865830394
32.69737280254124,82.83195857061332,33.81161496471915,1,1,2,34.013491205032174,19.802602926613233
68.37496093748346,2.8856970468226972,39.607503003636225,1,1,1,32.11244838140408,67.99078761337313
30.350828185889057,115.16719563060104,13.43697707726227,1,0,3,75.91619091396258,39.14549905789026
69.00294859981273,67.08821344206302,18.873649967775815,0,1,2,3.766578417026223,78.01365677654533
26.65456878078554,65.85217782359035,5.885667101310403,0,1,3,99.31244824680738,33.29327464938865
26.69492546332076,97.2877329929184,36.504139164302394,0,0,1,48.86681786072714,16.091775090690593
84.95779614209115,62.693877832145574,30.186976194680398,1,0,3,8.130842455395692,68.31997683531827
42.93573940264446,85.95055668332543,5.604226328788928,1,0,1,75.47355516128691,41.97749713534577
15.900937641168511,108.20192634010733,1.0545414934578456,1,1,0,72.04529039651493,3.560706628113267
58.49802973880277,74.20894562820182,27.138945922789283,0,0,0,57.527403656187104,65.23562138279397
29.844557833360064,28.079086145487217,5.5788451810416895,1,0,1,39.51160386352448,14.545259529331894
70.03574137647396,107.72689929660321,26.444314757687998,0,0,2,96.0052089584594,71.81188763183305
95.62291634586998,93.32141585613395,32.047551195483784,0,1,1,45.266201457685376,97.39260776579522
89.42945409036355,65.23720311338013,13.515529665625824,1,0,3,6.177775428096577,100.27621322817156
83.65481735180221,48.91223573155373,11.068048447738065,0,1,1,13.944644360226444,87.2498336537006
25.063030851595556,24.628407880478104,34.10345545721684,0,0,2,24.687711731921492,46.919386972427404
90.28454083629356,47.02340372300761,32.214452558625545,0,0,1,23.27328218199286,96.47646802684125
80.8398538351993,22.625871401646872,23.75593971092739,0,1,1,69.8798377753614,102.03224490570261
32.24749266827881,87.09321340460623,17.97584717075354,0,0,2,68.42135866387247,43.79851508995434
20.3952451497443,40.42212320421777,10.541774045675112,1,1,0,16.525101030967882,10.419538694690447
67.30901246238449,113.93712595011931,37.33629204487783,0,1,2,47.38038830053236,70.5072280011205
78.90233503057796,103.24573594474833,15.186331308843744,1,1,3,89.0079158813464,76.38313155207369
0.49805514507562654,22.25508434049806,38.34273468043558,0,1,0,76.57783069306973,10.16139224889936
19.669931671380915,69.67963954486784,24.158028780861642,0,0,3,28.064195164054762,18.682614959987443
34.08158022061141,112.393212962451,15.988233088701985,0,0,2,16.36224979337486,24.035268639830598
71.86145881410506,68.50411602609748,15.72211540359881,0,1,1,46.53605602222291,71.51073354141094
94.86567899743038,112.68590930390661,37.27701246290271,0,0,1,84.09294629454004,92.1860937257392
91.90557025448383,6.0765618870596905,14.038102111556356,1,0,2,69.41492037779605,108.71514143735341
42.05329021343216,65.05605874700235,37.55010322254827,1,1,2,62.455313688229275,15.616888007590987
11.015742283392438,85.78650533592985,37.66777773670541,0,0,1,72.77703202151926,13.952356305976501
12.201682469991304,6.3059707139637755,15.563816483472452,0,0,2,90.36924818547784,42.74064179883706
21.48292410313809,51.305462781476535,25.433745571171272,1,1,1,84.41933700780142,17.300691411167342
77.99613098699517,4.150025552267391,25.94114593110058,0,1,3,86.47798227260772,81.08407216628957
22.77813510912897,18.725433122133246,21.14653250900236,0,0,3,89.05851833937933,30.447542096924487
53.143630558883615,24.203210071065122,1.6803332966872375,0,0,1,51.60749513956846,66.15898700788267
38.6736116413535,31.92379658053978,26.242870732279545,1,1,3,4.4543789535597345,20.811519682389175
85.96737162326868,65.8850120681893,27.202137055760602,0,1,1,24.056195351473153,78.83945949051211
58.9857807839012,32.66565720187367,6.440808895246812,1,0,0,18.141375930673874,60.1624115843442
15.108180176823838,52.54645658066961,26.380085663377827,1,0,0,53.74940897439622,21.597798506325724
70.647516623375,47.358498714380076,12.253593805970823,0,0,3,9.612783771627441,92.82528092057731
69.23665000545569,13.973826528918853,35.535859082345326,0,1,1,96.1845654497803,114.01857449466195
37.565826592065235,70.48368855772024,13.871671210622827,1,1,2,53.90407620884861,25.009336367578975
25.309669849672765,56.02396407710102,28.447400444281485,0,0,0,93.00409857083636,20.24854765736672
2.9421948831389155,8.361216157478282,34.82691454245054,0,1,3,56.134952905380395,11.501320515792298
62.31596397089921,109.26497879831314,20.46960519993608,1,1,3,60.81919697156635,48.78898549242686
61.33236325706147,55.12505203311234,6.309538445004845,1,0,3,66.45875455459841,68.60310643125521
43.626283491823145,97.70828700762986,16.05607822755118,0,0,2,82.74311072925185,44.82097405366396
5.820447645957216,50.83845823500466,31.844053388397437,0,0,2,77.21415530903398,0.9508257103025777
27.537695659579096,5.865775934195283,19.66399698498516,0,1,0,80.52216660558149,32.32115476047404
68.89723689670446,27.31753518734501,10.2474105019206,1,1,0,74.23178573151394,64.59503999556685
30.10675679697703,10.001116143932895,32.114506052443836,1,1,3,13.041544876256106,24.3843785936569
74.34277430556206,80.15756007634096,7.69137851537776,1,0,2,22.269877907121938,71.83350020514892
60.188961402323315,42.59216565060374,13.8057976177645,1,0,0,12.774036385870213,46.672654181133474
59.583415221305536,55.36764139713476,32.480148012221804,0,0,2,39.523374958891665,64.96504588486523
13.949586735913133,112.72500553176671,1.3894277894821538,1,0,1,33.74085000638778,-0.8291909869947829
29.351126145474403,79.06059194423779,5.722876594706903,0,1,2,12.631306859858837,2.9828035141517333
53.44801579601941,70.65418547183376,18.26130269884168,0,0,1,19.135848147768854,56.59816023096555
86.23751557602274,31.022743676324474,28.652541797039817,1,1,0,48.13997204416771,74.83010269271801
68.22754444092428,89.87967529923148,1.2762145687810023,1,1,0,59.50656578463587,62.414392696821295
32.98564077263176,10.42552881042376,4.178335434401039,1,1,2,23.29719146750583,22.655318538997946
93.39893187485984,85.11694068897943,13.748657883290667,1,0,1,88.70328847822641,102.293158569712
56.182192426790536,107.99433434119848,38.10332462982054,0,0,3,19.22395359301857,59.950667992044906
56.90826360167528,38.193830224471675,4.56000087090656,1,0,3,19.08948372731697,62.34091999545484
41.23092807129354,96.97623138025352,30.826495962261106,1,1,1,88.46269382855951,26.8745636979542
22.463708174655984,88.94474126420624,6.0429443320200305,1,0,3,17.008670513300117,35.62253135273271
38.5401679446023,26.37311563625799,38.83959685458894,1,1,1,62.512443711902876,21.5386227187769
68.05882700895063,67.15461739100077,12.15168857277158,0,0,0,48.6816618086913,81.98166982715065
35.770475821698824,52.990769187422686,17.99895321888578,1,1,3,87.7594854768973,33.31457241288293
5.105119145255809,97.84274167561195,31.232839994484802,1,0,2,54.371489086107374,-3.4758961820913523
93.80756971150997,103.87416914300464,19.641177742770925,0,0,3,32.773735688828374,114.3559927114674
29.07078939600013,79.61709674238939,19.05625466324189,1,0,2,1.0883732614217156,32.179557450339715
90.34910775049377,0.8468632308078883,27.61673298412856,1,0,3,42.588104874763765,82.89849549900639
65.21334655705421,93.46468981200411,10.716740118860479,0,1,2,85.9291202913549,77.45779683795813
29.54594431579387,101.09716482874596,9.994670748444335,1,1,1,57.25794878426373,7.632488659986462
72.87862028881669,78.3822429616743,21.830787172595237,1,1,1,89.05545395573601,65.29650887363651
53.24840909873739,107.53275275257317,19.898901547524748,1,1,3,20.10349689283304,14.281599479746244
42.643649972865425,22.834101831403366,33.0904662589437,0,0,1,86.7558776029822,51.99182628645127
64.70163063169247,5.930668668557084,1.600483706177096,1,1,2,2.3220084615523495,77.7026843157268
63.73872534792682,50.85593830001947,11.366431284474885,1,1,1,99.91363448530024,65.59016562021297
40.069976952541396,37.95152258780345,2.229031498508629,1,1,2,41.67649779092927,33.845405165818356
90.19828113221092,119.89295927881889,18.619140840713385,0,1,2,67.11580933675235,81.72386016178973
26.095885059602097,114.9530095591369,26.511832585564676,1,0,0,32.5649269577457,20.893666539558794
75.63743926166522,91.45734013259903,22.58511518145703,1,0,0,80.38598189505764,68.06133462296725
12.595437764595696,83.94459936705877,20.50566020498209,0,1,3,23.416004157035864,-0.915351152844341
68.00877297858652,119.06661590257399,18.680463380528316,0,1,1,3.6333269142605706,46.88172754393374
43.35337846843497,87.49185209311773,23.511427894051696,1,1,2,99.04706993577669,46.23605642545666
33.859428488963964,87.721573502312,38.044916065400834,0,1,0,91.40251206296529,27.679408538182564
30.680989826802353,34.901834922027554,27.634107032449492,1,0,3,36.05347142203197,34.22889848446431
0.9430828853668749,25.448537153212985,17.59451223499625,0,0,2,47.025370200534326,6.016422367243349
1.663628177769494,55.4881655151341,11.803403235810839,0,0,3,71.44736817825765,19.07065369815038
38.813243661580486,13.376905400381327,6.6308096430542385,0,0,0,77.39735713203173,42.08965373048299
28.438163619651537,30.66898459557276,25.461452462610982,0,1,0,48.97948497946003,32.116981583736276
31.383395306800832,69.86275208467198,16.14856909747504,0,1,2,23.283597498403452,41.37567284851324
75.06312394428247,101.24323826442019,2.9397484289406117,0,1,2,63.873809198019686,69.94233305388187
64.41209218665598,91.41973319078265,13.64476901860181,1,1,2,21.488144134910815,60.86154999598828
9.287028118876462,28.18247120897119,19.06730311455348,1,0,3,50.51127153027636,-7.635362749945431
77.2921584438728,64.9858800420259,14.920801118078874,1,0,2,26.409468573264817,69.81496674292023
2.8717683923523696,55.28870644847825,38.67227296410692,1,1,2,13.818870035819518,-12.453213735865024
54.85428151219032,82.3961409685329,24.418953901507617,1,0,3,5.452937318363304,52.26174756657656
83.4784257031364,87.80620206891214,20.04569309694899,0,0,0,26.449076341706,79.98609691988767
74.71272948973073,98.9480654940233,1.6167968015030887,1,0,2,74.1204858913399,84.26079499641159
30.07672295357331,105.76067222413288,17.9360210542128,0,1,3,72.92261052629335,33.231624200295656
46.06251557781141,77.67848551235642,15.904989461777816,1,0,3,87.48751837156132,41.50305736951784
86.35775476774491,35.751276844784826,9.105312258441995,0,1,0,43.23722447718041,92.34160193055895
99.2331816000178,76.1295103431632,23.223730856594976,0,0,3,76.71739697273401,105.67486266472845
18.95854981860341,55.967443176676824,32.96487371946357,1,0,3,8.458993406326233,8.794508009991539
41.065113837734415,79.01533546064141,21.428072316767917,1,1,2,88.00035743621136,37.20495895407576
8.843936093130244,66.86619252549784,5.169857139527285,0,1,2,99.56107242936595,20.352810809066376
18.31132089136608,96.85980589379608,35.124852118837445,0,0,0,67.64817953714848,32.99480939831315
76.34022590613918,63.616967295191266,37.329796836052886,0,1,1,91.42767822367452,81.16937358531231
23.634766954802178,92.99007065914428,33.38529628741463,0,1,1,39.38759998035282,33.67052804541899
85.73687234135593,38.94614648293852,4.289694089983289,0,0,1,3.471904336980247,89.54559889519491
43.106354872425875,36.82912904363484,3.961620127961347,1,0,0,20.35354747951914,30.56823332504226
91.11349626303402,33.60579446012083,24.19629814413156,0,1,0,71.32720063934813,83.95815655054298
43.26989247514537,112.9185637607558,28.712939294028175,0,1,3,64.95161532858138,50.736050629139925
11.761634864451587,38.97126879644155,28.87492860780283,0,0,2,43.707439289388006,16.327805073693927
83.56690516465436,86.5361715445091,12.73428174846941,1,1,0,35.92215842217838,85.2222624297639
92.22376262107265,114.26970742457036,21.340421407343605,0,1,2,51.14256388351558,86.25656734273942
4.296948280360602,48.00576510517552,14.31820794079401,0,1,0,58.27084724175228,-1.130840908199855
48.76977102434438,56.66694520944192,34.67764469562993,0,0,1,21.506511103025495,41.10089396289176
94.98969489225584,48.44227955515497,29.84759012317793,1,0,2,60.90997538730094,91.2736452170188
31.9295178324673,37.0320497657561,4.743823744911038,1,0,1,87.55180255382781,37.23370348595904
70.3283257568716,87.4708739340938,13.906314782828634,1,0,1,98.82807561460196,86.20014204659549
22.75792804985577,25.160430815832555,2.8080879688506544,1,0,0,48.76053366718923,-0.18512784937011517
95.15326894405386,1.5018521709987809,28.184463802765777,0,1,0,88.63683536808182,97.37647531225804
61.840322242633874,75.77705851628852,26.094905919964283,0,1,0,22.63889587272351,62.24149492395574
90.84633535004966,28.317050112905896,26.018245409531794,0,0,3,37.35151368709384,97.06669935491459
78.69686765598564,53.81099763885248,6.293772549376504,0,0,0,80.3088141921661,75.71316933741254
1.4805338105216226,20.66815865470876,15.850964780618506,1,0,3,79.27254917432016,9.342762851210498
97.07416168870078,40.249709685863635,22.796246975339933,0,1,2,32.43300524218,90.00059715794362
94.36451257479635,21.40049521203702,10.488889493265209,0,1,2,60.472048907311816,98.19278815078641
74.32649319731462,9.258068499727617,20.701058798432275,1,1,3,17.096949597626534,73.99533089485305
8.969521192974216,80.02514255339919,23.715952974641247,0,1,1,2.7765290960027667,5.743283854600059
68.45445998230892,74.53864213179122,10.865985564764431,0,1,2,35.99649614069307,79.66350883990769
30.001994428181455,10.170198563611885,11.85105588869404,0,0,2,49.92319126612461,60.3754733902731
77.29313737646069,24.65182703994065,16.161937357131073,1,0,0,29.566199306145137,77.73890896350909
17.837546812631178,65.02684515518908,10.714363797117322,0,0,1,85.05257887900413,21.484280387107646
83.81877954613213,37.521603079291964,25.81767624020088,1,0,1,34.4755115069621,83.10731197302934
4.248573222974095,5.380325757695892,38.3617003829413,1,0,0,49.24519130472189,13.085740266126383
23.649610845329192,106.47862302264969,38.810007103332055,1,0,3,34.83468032628316,28.93560100389405
36.57665257245478,2.8743198169615836,33.808582896768186,1,1,0,56.4811086634767,20.28862719461894
10.680151489610223,50.667213035230304,39.50417669187648,0,0,2,99.89505113646689,18.645700190666904
46.71517747756015,56.12901873638695,7.7703140830039175,0,0,1,40.88228069676756,37.799557887968014
15.034723196459964,11.666687054254897,3.4684174793923894,0,1,3,40.451990788821526,12.517128628867988
0.676750061725917,21.51252077156242,33.685713727911796,1,0,3,48.60010040822422,-9.975939028664815
30.17664555392272,89.31526603169529,20.263185511798657,0,0,1,68.80469735986226,29.070400385557683
41.93634813886719,54.5703107066018,32.83779129125901,1,1,2,31.302551212882346,39.19150868786031
24.932568582639203,41.6053348117105,23.52818789872731,1,1,2,47.41399921768037,33.559236253800414
18.632319546419495,17.165269975227954,6.902746877300325,1,0,0,4.203385202371146,17.000035113984467
40.94516040516528,30.37206567001011,7.963708123021891,0,0,2,18.975772495479937,33.353022339417365
22.65185211905887,96.44700039333206,34.26941266295326,0,1,1,74.36713634864263,17.577483268923288
3.6053460763499134,76.75697651454217,38.2925369182332,1,1,0,91.52399800426036,-12.725643311140386
94.72494644302103,118.02973160357527,14.546757571647442,0,0,1,25.295190183623262,82.83414562427308
50.42211994817887,61.43525022548032,27.30003389742174,1,0,2,84.26364160401651,67.4273256159056
57.83288773250903,103.17963361109214,12.51330037955575,1,0,3,89.64920863546133,30.614606027806033
32.78618712743271,68.7907832151054,4.498754779271987,0,1,3,32.82597964211698,39.2742667923616
98.36442444550318,14.515141904394081,14.65127552881588,0,1,3,52.721232941417426,97.63280732729538
2.9450457070871794,54.46321288780443,11.059609153081936,1,1,1,50.886215097188,-4.577722757637236
73.21442872694116,42.379085058819015,5.669967618852096,1,1,3,96.9519555054172,56.31572770477072
18.671387751703772,35.33008169174629,1.9400084433031672,1,0,3,44.14072229293369,11.984984714388677
42.66453667466214,117.63543510922506,1.1398109540992252,1,0,0,90.7068878773882,30.202971144571208
77.60130424816887,83.06082956111628,20.481426288421133,1,1,1,36.34714286156591,56.4847031489748
79.33490598600244,58.58037271051979,38.31180023987538,1,0,0,30.42402199380094,72.57530504810029
89.89022371647097,102.12758131842739,30.38805406423031,0,1,0,7.869594460309026,65.63068574363822
43.708108597276826,59.80367347199741,4.866510204986594,1,1,1,54.64812467733792,39.124473827344374
99.72151676591785,97.61627895471119,39.53015883211334,0,0,0,47.925575241243365,103.86573486315025
83.59532489634599,1.130713561965524,28.017507478451712,0,1,1,40.962574752663436,85.14806675652052
56.220738767495824,103.4970181698085,26.870216765874737,0,0,3,58.69589167051679,64.25920994388412
27.74536674161786,94.92427858512082,28.036853639920906,0,1,3,43.51407858721662,31.68307152062587
78.97575109437751,5.782761300518682,10.357313149194493,0,0,0,13.56170642461384,81.0022120164031
0.48439414738374875,102.32989676918199,36.14329701002931,0,1,2,12.50092747680588,-16.477315540211933
73.036179050821,26.42318186294617,19.54670561605461,1,0,3,6.413874305952683,91.27912174032545
38.354395761373475,0.0076195121191569015,12.63153494055131,1,0,2,78.46707546639891,51.43110273429228
60.45830104892049,102.35739851449901,19.18404455621912,0,1,1,24.339328705591036,62.086128945023695
42.043115136444,50.065881713143135,10.164934577334854,0,1,2,9.65103750187013,56.420424138194896
15.265351152186646,103.22925743979971,16.66787446767143,0,1,2,13.69967423141385,-6.761605815859323
81.86536057256156,60.0173595191196,19.66386733666692,1,1,1,73.95766356877095,82.33193170936526
40.226631815103275,64.67832645113022,12.572383840500688,1,1,3,59.087583889466366,39.60934163040529
32.33631598742057,80.21760945998211,14.24581135117808,1,1,1,9.560130196775695,42.83626123871597
8.686077421543237,39.94174470376126,22.44817750047879,0,0,0,48.60890162919604,31.414159486280965
90.30291574566141,85.42062234714722,0.33798574566439754,0,0,0,64.91537354791411,96.27249347252098
8.759345577630995,18.985564592017305,23.721928930146426,1,0,0,50.30951967183198,-5.6169533829204115
37.274269739863875,60.12748243749268,30.320520720097633,0,0,1,6.276134197373706,46.982482950610446
26.628750345665786,105.0040569369291,12.391606925837504,1,1,2,68.46965672516559,29.74202101715317
51.68437497674484,69.17279467206984,30.680025287517942,1,0,1,42.83759065194891,48.17645761123465
3.945553965977,46.00314792099577,37.120415572776835,1,1,1,68.21817023718538,-12.64243187379177
93.03034343434075,4.993206340815357,14.726172167149949,0,0,0,7.193116982057135,91.24217132837173
39.83078410820144,71.34646149341661,7.808487431026987,0,0,2,12.079169585441708,31.718144878671836
19.543086359187868,85.6973787826655,35.091229183909306,1,1,3,59.731554156933285,25.85667494579295
13.163355283740641,15.178994834426005,3.745001859692416,0,1,1,61.70226085111166,5.819762030339689
90.07022045301476,85.98155990318129,15.659567813539933,1,0,3,61.99301357242775,90.33677023960514
11.137483542729921,77.66259108432561,29.372430285279137,0,1,3,78.29219785166434,23.49379114510723
18.37334802391374,40.504529878986716,18.984206971034805,0,1,1,60.464759906838104,33.84684409990851
12.173679079115008,81.88705770924769,2.547615808149759,1,0,1,43.16766966479007,-10.768590775900378
71.62565290915364,102.61250100458179,21.859876065989987,0,0,1,87.74256499641105,61.61114036914114
95.38103997891513,96.76605237261658,30.545171248888185,0,1,1,60.441770599788924,113.01468494014942
1.9120224952555276,119.2218593821193,24.532051711106,0,1,0,43.0791199756818,-2.241961029684884
9.178245994236589,37.07779919545893,30.861126406540805,0,0,1,83.11243651204595,30.926604536758802
29.87877872063266,47.176713636621145,12.325525137666173,0,1,0,48.734895519235664,29.803734992197537
18.29738956149576,46.2048889668688,4.4051789607152925,0,1,0,7.331167798543037,16.704920074130207
88.35132867753626,20.933457654900035,16.831138446036498,0,0,3,34.13308938571029,103.03835528324642
56.1413301501791,35.30238305316815,27.29495277542255,0,0,3,49.29698637791704,71.60257410976561
81.09351281540096,89.25783104919316,38.66850940785857,1,0,1,12.435758683718156,78.6043184609064
3.9740111033506054,101.65798940269958,39.88452243609099,1,0,0,96.19125431261456,-15.95988561132184
56.488979457395615,8.933359102635649,6.128542951175517,0,0,2,47.33720248045877,66.90611807633184
57.80795567575488,98.35523954358857,25.05138237341065,0,0,0,41.20654050368236,67.35588918216126
17.74785464480103,107.90434027460387,24.570800002043715,1,0,2,13.482997262537744,23.132994304311268
56.86121315108223,33.294627646129214,31.024513362481372,0,0,1,86.81383834134066,65.04738846975481
57.75314708743144,2.1932095311495425,11.580788787258971,1,0,2,57.00151657655442,57.29963765705486
68.31774616474745,14.320853495750189,29.899321638043862,1,1,3,72.73564712562201,75.94895272937751
51.41198490347784,31.057318370114363,11.91651398425762,1,0,2,19.719557297776515,56.872453916018614
0.9441828645003536,77.19237853376039,4.758291059293409,1,1,1,42.918113001309145,-3.035797537030529
3.1554356874662015,93.00374803319268,27.0651142210504,1,0,1,53.32353945951124,-18.9473165078813
6.9574271443989755,118.82124310244978,16.63061982925024,0,0,2,81.93732950336991,-0.01132266655145564
97.78696242996003,1.7857457380348807,10.147427724702691,0,0,3,33.528830460843984,129.95493433852403
75.40487317281371,37.425531565387345,35.36541541212668,0,1,1,16.17755032938648,58.77574874954023
21.360691041286373,54.0024175807332,2.617293788919537,1,1,1,54.10101898377935,8.873232882638955
21.421288174509133,59.65946838017509,39.08998393820999,0,0,2,27.65199495166204,42.48415971470197
34.580876976637086,69.86785982795966,14.653229216634074,1,0,0,13.362895751520853,30.599262893020484
83.90974228913734,90.34510966738709,6.245550774727477,0,0,0,65.67530823559166,74.55833282180855
8.176971047991533,38.49408909327722,19.53046267290704,1,1,1,64.40624216412212,2.8680266218583146
14.368562189483036,14.59874941324529,15.593870405365706,1,0,0,74.9610365519949,24.133399052979033
99.52880896371542,65.58063831615758,2.7500029538378934,1,0,3,17.1381864260975,97.2473383638053
79.80690916415143,115.38772452586488,23.609774147389047,0,0,1,54.78310288045075,76.80550330107492
29.26211091023164,75.35677361060691,39.555504564601534,1,1,0,36.893340231565965,1.8105008513586718
77.62289573275073,70.60435661516743,20.754888769286552,1,0,3,83.78248791934662,77.55097870339515
47.938294108542244,70.69414997358575,23.396004862200797,0,0,0,76.70341270954525,55.068436027559805
43.74586403122676,62.823228943616684,7.087259796310752,0,0,2,66.48727090186955,63.504356567939325
96.72008821874013,93.66745122347076,32.330627051398416,0,1,1,96.13424186373243,116.1498243019936
83.62914469339638,54.35540209140114,35.72866367903651,1,0,3,55.628136120602456,83.11126725485663
86.69959894163821,112.08765476800713,16.759817456510934,1,1,0,93.14928255782652,74.06963102782954
87.78113398256154,13.378362307545144,20.681596353810242,1,0,1,43.61900180222389,100.97048092676556
28.42232087394204,39.92646493305087,17.600342117333025,0,0,3,91.82150679395531,38.45154471219843
3.5130441635886522,53.52924302870056,2.674049399203997,1,1,3,88.48291868200877,-7.201253387201772
8.203814530009268,16.141971259168947,18.282932971880893,0,1,3,24.246462455182794,12.943913247563733
27.020126214852567,74.6328491641834,19.964154316462587,1,1,2,36.352158163054085,1.5173677520880418
91.4242928413783,4.669909566970367,16.88171081706992,0,1,2,14.703613738894617,99.76329833005016
24.47101408579846,95.5079062614763,33.33054632860772,0,1,1,27.13722750327556,29.612914133838434
84.95993778707637,116.15960211493612,24.995195758994576,1,0,1,26.00577028033473,77.10609009135646
8.669108925449265,52.63132154686748,1.8578634350859247,0,0,1,29.20956888042775,19.513648244273952
90.42235650394029,84.32294092895555,9.083004481295394,1,0,1,74.13587622743745,83.92490491323986
44.46420342529465,33.79638905680275,26.030803512247132,0,0,3,86.96765063185276,38.11599380935182
32.02165913207795,66.89068994734542,34.14812399963101,1,0,1,98.51762260474116,31.202774888592774
49.033456136657826,5.648736265696375,19.51404850191468,0,0,3,45.60970882257956,63.219962320241585
42.58163165041425,35.11197407685353,10.669155515016456,0,0,2,13.800035431206714,61.82510124161611
91.47079128584737,49.9290076950756,37.88719672217282,1,0,3,1.7433037882633395,95.52953617132795
93.01495762335308,105.40597172628459,22.88842454185331,0,1,0,43.16968033073609,87.93625963357458
55.33380826644321,104.28189515018684,30.95966432770766,0,0,1,32.42602374805293,46.252582260378524
69.67899043518881,24.163000405891705,6.472413366932903,0,0,3,81.63145726276744,86.78977233711348
49.59072257037794,91.80944103960485,17.993364332312144,1,1,3,10.794752318389445,30.409144083107872
22.104343924386725,5.78884013325895,24.763020852763177,1,0,1,0.5139537155870122,13.768554995654016
99.63452364603263,90.29938826419647,7.27453130561293,1,1,0,80.57181833242159,95.38260634487872
18.265786161010166,43.81771973461615,4.9968989412284515,1,0,1,37.429695213876194,26.243726575811216
98.37180905055664,75.68142014619764,1.2549124400003553,1,0,1,97.39797384167942,103.43253991116622
25.803234209658243,94.60656249891625,34.96393778945437,0,0,2,74.6272131612838,26.60354923326466
79.67974954176297,80.65999813566987,18.43656048247183,0,0,2,83.77426286680712,96.5374512669886
54.234075963734796,38.848599428305285,28.60649647819272,1,1,1,97.90406525187049,66.88488391822209
49.48761758562714,71.23046550843135,39.06553229191112,1,1,0,83.80345732185172,33.34798633893421
90.59369057805705,77.97177788008183,15.250728218354146,0,1,2,78.13749488246683,97.29432294879993
88.03805772484343,108.37611608449632,29.551517581921814,1,1,1,36.31053018944962,76.15398505740386
73.55145592656574,12.691527850993696,11.66815055516087,1,0,2,99.93115909170106,71.41164241938517
0.14054914477652503,74.10499714419579,6.22660072703495,1,1,1,70.61018430214367,-23.327483150655073
38.26005516537931,11.461474328983915,9.566313789770856,0,0,0,87.95886598558646,38.57851559112145
55.46876691742024,42.40805189787889,17.491598114094238,0,1,1,36.23172299686842,52.194174197193
36.95903496884282,105.58609249176868,27.688278640988102,1,0,2,21.854415882929977,25.112198221831676
86.23697368852002,88.1234981237977,2.824438159053151,0,0,0,28.872485481364652,81.49810553196686
25.954570899649433,31.574883538702466,1.1873881462647473,0,1,0,74.60393329647411,32.59884931938055
17.03239677357473,113.77612631698216,23.409172858043434,0,0,2,78.50378263784211,28.986245029897496
89.80237130533511,108.38048579958051,31.200158519917835,0,1,2,58.28465682154839,89.73240235756629
6.728076739126088,2.969834141545875,34.78897711888205,1,1,1,16.394344025204145,-17.316344797981337
77.81674610780969,91.66206922128212,29.694972175644764,0,1,3,93.91174993568669,101.67978601117854
20.192618172556852,32.49627253270817,28.50795181357838,0,1,3,91.86642336814614,25.0289105381621
69.12121839541872,92.38780055470468,31.614710323638015,0,0,0,69.93484552879302,67.73261142053377
10.505213936655489,53.878559721528454,33.67591147996795,1,1,1,3.736854132072276,-10.661460978706494
57.91081337687195,50.720829380531086,22.967659760057025,1,1,1,67.51606905836347,51.526192600006645
51.66322054159661,53.37489746461358,15.040711907130206,1,0,1,56.2373996810733,42.56647811376601
21.499068542495003,40.611756568200114,12.882596655905921,0,1,2,32.90495718493132,4.840799416320095
5.401591215601586,58.17789183335754,15.87344971059165,1,0,3,19.1770324981275,4.9702936823148445
19.433485516929228,112.42703929699287,31.116741729413246,1,1,0,66.33231703858301,-2.6867300798554563
75.51586934203344,3.50282896193439,32.59306394725051,0,1,3,15.951120147487963,61.19823239269979
8.644181592291499,110.40474585692834,7.9165676308740185,1,0,2,96.46940042438547,5.024547392467545
19.387436788220903,95.72407865402306,24.723092923651883,0,0,3,68.48841278996721,41.918401757769836
5.312573707219414,7.557160480086207,10.581105274294327,1,1,0,1.9642792562208244,-12.220640299591874
83.41601845639374,108.72982373714699,23.242955954176896,0,1,1,82.39879661298538,82.75666050935736
52.864919637717655,11.972087762638836,0.5119467077225082,1,0,1,4.0131085128544015,57.73517706247517
18.219404872192733,104.9434666067264,28.569276412903143,0,0,0,50.22210048998864,23.601872356348977
77.01907550404664,59.699771542622244,26.575019987744092,0,0,3,18.50955982477549,66.36723991714584
31.769750197994206,11.250412897506092,26.290907013680673,1,0,0,9.447317991917759,17.968534118410837
50.65818081957024,66.38539926490976,18.083534472775746,0,1,2,72.11183201518297,75.15346073183893
77.74709938621854,56.065854430543716,28.667413957954825,0,1,0,55.87417437658395,90.86465100571763
55.79082978425771,11.191822906135368,4.986288357075295,1,0,3,88.02912365475476,79.42614381236373
46.41997711241858,10.477560278282208,9.164941245272358,1,0,3,48.22929905934458,60.65313230789612
79.84541863707902,48.46032928887051,26.381932263796493,0,1,1,6.325230491726607,84.01510970316967
20.45411152780108,11.309143482582403,7.96085280559597,1,0,1,1.1273053810937572,16.601614051634613
35.374298520958405,5.206799517896101,28.796358177151056,1,0,1,90.40028821695451,44.29153290289548
26.83853750205296,8.534353412039266,5.772016117677863,1,0,2,36.218771263693085,18.25605621849019
82.09625677057359,36.468637854533654,2.2424903069562463,0,1,1,97.16539573999576,98.21028466850059
8.08803063693404,3.1478631508652555,25.83877585804817,1,1,3,4.704387421806655,-3.835057648971613
44.482756402389825,49.06921572709264,7.592665778951044,0,1,0,55.322823239164144,38.17530691913353
56.43961682036307,57.92196228037302,25.42313558775838,1,1,3,16.739042509519653,54.88476500594556
90.65275258908555,52.34710107204456,20.610669296881344,0,1,0,12.791167135158899,93.72297789600583
26.57392112385559,38.289835639137394,10.762638265465917,0,0,3,61.12317214453724,27.08649826688179
48.01457169471362,16.748701509267867,36.558214905412136,0,1,0,90.66078661807731,54.80829835670195
51.601692002796476,59.258486566216895,6.355339706246879,0,1,2,57.36771945325493,48.045096794319925
72.85717747445176,43.98676183192337,19.906355429653146,0,1,2,18.377142934513124,79.1900139746817
38.482509787187965,71.82149496732146,15.505065008851071,1,1,0,17.597474565620132,26.163332449041622
75.6108403312129,94.23235964297878,23.4911768779212,0,1,1,34.67153153216673,64.78920584108724
90.67791136963548,11.565495253590603,31.412271018223915,0,1,3,25.091542195297688,104.4991303003287
34.007822427556235,27.676897852806334,37.277639616167654,1,0,1,63.84992119831613,35.040304824418534
19.91363246123451,41.85413833823808,10.26958950003019,1,0,3,14.191403712172779,12.79980872264278
84.20486021130299,50.598477076639114,39.55459484420452,1,0,0,62.04098575255556,82.45399689913519
86.43602477191048,19.514072147892524,8.982160247033363,1,0,0,11.803749620741034,76.99107255782256
71.35938230797855,75.56097979271517,25.583096465322775,1,1,2,93.34362576658054,81.11531613704162
81.24595630510875,64.01015761864112,37.92076591720097,1,1,2,4.1943089802530364,81.1911601948517
81.2215205461448,73.92340578391145,15.784415323702973,0,0,1,2.567786944865824,95.276420494895
17.898208301562857,75.34625731105233,34.32464762746296,0,1,3,24.925890382470406,16.803084495957457
63.574854731220576,10.66248261465477,2.007204409117991,1,0,0,23.07800835198495,61.6945497768902
28.613156880379677,2.1585243911968544,33.4076223878335,1,0,0,21.613656480470045,14.890246822187434
4.5643882765628145,22.244138574195254,32.39485821861688,1,1,2,84.06330007757433,9.086620917600282
80.72286510634592,9.802039179442158,11.938421017755548,0,0,1,12.08674657946478,69.8827461534172
61.06549864587903,94.05909993782078,35.81363493337523,0,0,0,58.74173082650902,84.17249179560905
27.29108733169311,65.9534130873494,31.80959133622999,0,1,0,77.64931357812256,15.141176630002782
50.308102911315245,85.68316858894974,29.939506564690337,1,0,1,83.66484774369223,42.52486028174265
89.41964078463766,0.9466186320696401,27.756201065657166,1,1,3,17.605442384532143,98.69951612934867
90.07806966036044,32.5243522834682,34.765622683760945,0,1,3,63.53962933450212,90.52554217459445
52.23911363685727,60.8181170009431,10.1809548423183,1,0,2,98.91673180207857,54.33299126449916
73.5450094688959,81.70808403053185,14.879875544617223,0,0,2,2.314137451568632,70.9107543564501
9.714410776400051,54.17652453583469,21.63597464789289,1,0,3,37.01496298037266,8.17396951170896
73.72000059807942,72.34283302986898,36.05216398796463,0,1,3,61.182892467066054,81.61204208564878
35.88124172508043,98.20426406077118,32.85906252445747,1,0,3,12.582638719095085,36.62165397814231
28.78473882682383,25.074548292100157,1.244035945133426,0,1,2,68.02772001196577,30.578716402677394
16.86710140939477,22.499694846178322,14.985589338188593,0,0,3,96.34160253139108,25.326116528105388
70.98919704914356,78.33813646974887,6.267599590575501,0,0,2,93.85012026887154,85.10794647891841
28.670229886955877,49.14331114214954,18.68689623698467,1,1,0,64.6806586053463,19.47635884897055
0.8307048944401041,2.656302572116722,13.863538428437025,0,0,3,1.1840024296727703,7.656065047897806
69.85082714779296,13.169348608157442,2.2491603014656203,1,0,3,78.89023932169027,74.05738286305842
17.240047657392722,24.917717090767866,33.349652037527136,1,0,3,74.84923007612277,19.22369602728076
91.57318940944818,1.9212204903464558,25.273624133149134,0,1,0,94.98817100589993,94.5379706746701
47.40622526630233,109.61388944944312,28.975004727863606,0,1,2,16.24161806988421,37.08824121905929
27.269049380383414,104.02972075439247,26.90192798267971,0,1,1,92.64708871155091,31.475659769526164
39.20740089909533,92.90864258592997,0.4280674241723892,0,0,0,40.667595296179584,35.28358009650376
64.78797443562725,34.543826403263715,26.20441956799427,1,1,0,11.484869366351013,37.898963025760324
40.955537378501624,7.482399839902922,19.176140964043064,1,0,0,34.46137867087988,37.531470368187875
27.258284305486878,65.94706550029981,38.974964687789566,0,1,1,66.42074788383768,30.770419493646564
47.899144145584394,90.76773521002971,28.907954720680603,0,0,0,75.9446883683858,51.48312918576051
46.59726915961863,15.047492408522958,14.490231771213967,1,0,1,95.53610794593997,40.54073147316889
30.133223346711404,115.7195341293783,16.893767950774276,0,1,0,25.62568577614588,33.8530764138492
63.15304405434951,109.84346555310539,39.187898595223466,1,1,0,55.54942445799793,48.59396394916878
13.38787425268494,114.33188458824068,10.13137080062879,0,0,1,33.54201510807632,4.747423886255795
40.12932300144196,29.537776270894703,31.489437988816775,0,1,2,79.71066190636654,45.082998358823126
75.90047759364165,44.923022098770296,3.340212326119847,1,0,1,76.31230407797774,89.49624561925887
27.593434093661497,93.02664628586705,4.61331956141982,0,0,1,80.05738875459134,42.193358836267734
99.0310603238577,88.42046473494369,7.823935763375158,0,0,1,11.604594213778906,91.28007804797736
11.121906562367577,43.402380897685674,5.989518313050217,1,1,0,4.2235248367165745,3.3560770743840393
43.675006696032256,38.947451527460174,6.53161885971453,1,1,1,7.906785703870378,29.283470601723227
84.05890665645597,81.2158682094387,2.298887668376026,1,1,3,68.9078463126693,80.177236900814
88.47409888402312,117.09100869656118,12.24776901466953,1,0,2,35.847015294847964,83.43185843968816
71.24636919217139,68.55185332136281,2.727403887682822,1,0,0,2.022423588292188,48.678713805371686
16.850929736912313,3.4646740944843835,8.574843556738632,0,1,0,99.03926604388118,33.721729785651405
8.169247783752054,41.94929949150369,31.526240769451054,0,1,0,16.339580557849565,-0.6323055660513148
61.236012649458225,7.346044799661544,13.756832577808801,0,0,3,64.27112960533586,81.55419112638134
86.32968822784592,26.968317653556447,11.469653260595859,0,1,2,93.42723134444091,97.64976745148165
44.192793885409486,19.724772484636016,38.61760991710022,1,0,2,20.35769796046236,29.59487966906667
11.13876574497733,18.376565733215877,26.309291241957492,0,0,3,53.76663908413541,24.595818395362862
91.41608368002862,10.816493667849327,26.016456596688997,1,0,2,51.6457211828698,104.61094952321217
45.8800551907943,1.295716972164196,9.278578648823913,0,1,2,58.814382641162624,41.92304827805354
22.596197584625678,65.67773916309822,6.423121123532449,1,0,0,12.061706213000134,18.148651114895934
13.318375832281703,49.731501532686494,16.604160539262676,1,1,2,64.65899660675888,-7.470083479774944
37.28106668336342,60.716058279038116,35.6596134684313,0,0,2,89.11585094858111,64.31009338369977
55.014006637448574,29.009580705945606,11.749126922741159,1,1,0,39.45972750532022,34.10554356186971
85.02126595885568,115.24228621093371,6.831475172894557,0,1,1,68.372478954444,89.06242000854287
42.89474437487245,51.04506570240665,8.142173569326161,0,1,0,67.86203355689663,41.121728849891404
28.756256424521176,74.74289850481901,7.856517520881883,1,1,2,79.43678886309456,29.170881226878176
82.71470228516054,2.0157001853818857,36.273973076668156,0,0,1,9.566694261221798,94.81893158044133
20.21471542175135,14.165271042254606,15.219980687862842,1,1,1,5.808806938103695,2.8397235236633165
54.56970576700694,73.09436148989585,25.511261037629083,1,0,1,49.601237544193864,44.828395236921224
38.225064255954756,73.46294806779825,15.54602347507561,1,1,2,89.75894210512273,38.20238238236217
59.84832325595486,15.71044753627091,24.508620513314735,0,1,3,22.759155643331695,52.50953959118151
73.4024153505473,66.87960022930072,6.778303403920454,0,1,1,8.735684497493724,67.07593933367909
28.52194981965035,36.596976391665834,17.560969756167864,1,0,1,2.6753975543555186,-5.381512938032316
41.98333250103109,53.6223648589897,31.559652349407866,1,0,2,19.930598420720756,31.5706712281542
97.50111751873756,111.4586953732974,9.777255542050035,1,1,3,90.09205145732635,82.35854693104774
23.445727722929945,94.3512351561925,15.477488478039287,1,0,1,3.265581083850566,28.1033725296219
79.04048920093405,57.82684239609961,12.463414445411951,1,0,3,38.26611794956249,70.97840208210631
58.36110330266272,36.94060105075052,13.730814159333491,1,0,3,11.334004471548697,58.81742594201754
71.18566710231427,45.59290961201535,36.944784559837245,0,1,0,43.120555685598575,83.10015835669869
83.0917793996161,55.10730416324243,12.414916279995406,1,0,1,36.78752929049388,70.64529485422737
72.11154121167813,66.1968615231125,16.625431568718025,1,1,0,55.189454579588926,72.75543943781726
48.657633607592224,94.82705174132722,20.501210479468476,0,0,0,47.12220593185151,54.38001310066981
7.872425252947856,50.24048512379894,23.88224414665079,0,0,3,55.47275982006209,28.628321742723372
13.978452819350728,40.49362257881658,24.87878734183058,1,1,1,69.48017277876822,-0.20846651251011217
74.84134028247186,86.05182600765666,38.856470378917265,1,1,2,19.612986376171904,62.397364354953986
87.32884065186016,85.6167298855632,6.224569443860513,1,1,0,68.33366814669628,82.15752110817257
39.95774756959729,50.0577030884677,25.966954997412923,1,1,0,86.93729467804727,32.63050401826803
85.87372536041048,94.6884141253825,11.040756474841098,1,1,2,17.36016447472526,64.65811945405153
93.7931954811786,95.97120571373087,27.022121242497278,1,0,0,19.27959877573031,83.10528496710799
7.8532952829443285,108.36058448106056,17.4470502219264,0,1,0,50.118262667113314,6.2313326167406
81.28227549893275,36.288971478170936,22.591793129639385,0,0,0,62.03644067543295,91.05337090164964
27.80255099110932,18.859306487965203,4.111267725137613,0,0,0,66.96475016953153,65.3569595488697
67.45566677853567,75.42659439626401,20.669481629043997,0,1,0,20.343098417703263,61.414063931462884
16.506475592018667,12.332537410659095,29.492705136675106,0,1,1,95.79358813222932,10.89522376822243
30.43171521241711,8.703142180422416,1.012820035992128,0,1,0,37.55751319841111,33.711128285931785
81.85537366265638,66.1526852884322,12.778404114051586,1,1,3,40.38133809764158,61.362382488085274
73.8935270679408,9.25450483890041,23.70363524762955,1,1,2,25.213249382566982,66.73153659866236
22.242754158677226,55.202617586052185,3.6582859338631124,1,0,1,93.76082405356449,8.197895157551715
60.53165801109706,89.48572117664526,29.321391672466635,1,1,2,51.72236199724956,72.24062936430788
57.93005574650451,112.99289243729986,13.499867587302955,0,0,2,90.81779497608805,66.13764455542743
10.62756015955605,27.32002719121295,26.368152505601174,0,0,3,52.68867956560991,26.804586422810388
16.066341323509224,119.11283609820651,20.31210326067706,1,0,3,90.72163727783888,18.576191368774747
17.92628453712536,113.08044478582684,29.69569927722577,0,0,0,59.88599447725333,24.10509710214993
5.430940726403821,119.08259675982583,2.775629449241115,1,1,3,5.319672013590138,-12.28756027569133
74.44225772958751,50.14891819901106,37.41520333432579,0,1,2,88.21240051785512,72.83591357330172
36.736567763633985,79.83870314956083,2.2358292197237972,1,0,0,37.62251319621974,29.12538208742825
60.227366466712326,60.843848761935305,24.779745793155975,0,0,3,41.09989068000341,71.75150045916025
96.06852889932279,97.30532593697131,33.80176222127562,0,0,3,8.25627303789892,109.6328185409877
76.24535412407178,68.45639879814995,38.18095503433019,1,1,0,27.995643677006587,56.59100220492391
63.431646272035394,3.3927745216480965,9.207340629947494,1,1,2,54.72784729026572,56.21873725479184
54.86815570803236,22.476298171983466,4.499207049536196,0,0,0,61.52562512879209,61.116870802310956
62.856650768838776,52.913181430365256,11.32128803631906,0,1,3,56.88808696817448,48.313561442746405
86.22351806845873,75.54077465831466,8.375324501396895,0,1,3,58.71342228181575,84.44075843862996
80.91828596546252,83.55441354876815,12.201756365209064,1,1,1,37.23180316397525,73.16389992736049
9.462101199253537,56.07695221405952,1.9608756140447792,1,1,3,8.444479141742478,-1.1037132139443926
33.04628120996386,32.995788303154,28.23952468014194,0,0,2,34.64692029773177,53.586102545620506
87.55890652543174,103.80323081709537,1.519074989619238,0,1,3,62.777109581885405,92.71882089312228
46.208253848232225,117.85332941336247,22.019818624732657,0,1,3,25.352822827759702,33.865739906776106
80.5127875018837,53.779526872940316,4.168699378828422,0,1,1,40.517504887164726,86.38749352395448
19.573871660803054,35.787874498924694,30.134307634757782,1,1,0,80.48831391351875,19.287023805939924
43.37715280424638,100.81270655984845,21.612214486695592,0,0,1,68.01898741077595,46.7387988278084
9.457094671462606,97.36942481494313,23.055495007333143,0,1,0,33.53816750429933,-8.59563193508303
35.15188660222426,65.68582911399169,38.84111841932914,1,0,1,25.08444353879089,17.313121867499376
78.5778373961305,39.111493505345884,8.858965807333728,0,0,1,8.724217047505645,89.88063387949524
45.09184532687072,48.68253224939343,0.7638425735149568,0,1,3,14.600832028478605,51.87979376111744
40.653936016860094,21.730960445687305,9.122110962389879,1,1,2,75.35379241163945,47.98454012874689
97.05680600965468,103.94640969731024,12.37333577059729,0,1,3,89.48921896377607,109.62096152388422
85.69673636250272,31.233159024130096,21.073949305577425,0,0,0,48.79694356864269,89.55833198742177
24.66383201047696,91.24280209534716,30.302128978086245,0,0,1,0.9972842619202282,33.78190045926451
77.44805404231056,3.68885735153877,12.953448841932872,1,0,0,53.49146394882399,69.33458390309859
59.54244815283758,0.019049621250899484,25.878592057589167,0,1,0,86.4127643592446,66.82240267816873
1.3638175650907192,98.51945805359193,38.18682447924472,1,1,3,79.15760341329168,13.213548924109046
48.4582354069932,43.898671254726644,25.17282163590446,1,1,1,92.13775939165826,54.737716452469826
30.847768538664035,117.73617224051603,17.674510959445104,1,1,0,31.94946243279292,20.434647136983592
70.46376935778959,52.396703106719286,33.50847746581688,0,0,1,24.826821906057173,77.97141554278942
56.44277975934299,107.81169252147362,18.645895195199046,1,1,2,99.70959682483867,35.83257947763826
14.791085237169256,61.77493203654508,38.984170388202635,0,0,2,5.2742079428993005,32.21216431848087
37.083585900673754,93.00799750054952,28.378392259734674,1,1,3,63.111866608606384,26.815387123608602
41.438537235316595,55.33261942329173,25.547564641411697,0,0,0,96.78943166107159,57.83344681786467
89.6958875325522,100.50296810828728,36.57994728653072,1,0,2,25.48669427351481,80.31199076339799
76.85534821517567,114.9280263191476,20.08570150077415,0,0,3,29.53177333010678,78.83748478872614
8.439628449104786,5.486792986522282,24.413546623684162,1,0,1,20.360473565620797,1.1103197007299732
57.761833590989234,53.97680090489302,4.521409284530535,0,1,1,55.72454156190402,48.406443421469184
8.151510265274965,43.04196544137778,4.321228424393606,0,0,1,85.14634013269782,8.409106926284911
20.01033118340435,101.49576731725418,17.20013401695317,0,0,2,19.776745323543345,30.974362617869183
96.33824837834901,60.542775561107916,0.07180153222408503,1,0,1,73.54839968022743,88.71634000034284
44.59519457153686,26.643491611440638,1.428146521073419,1,1,3,91.42336188965915,42.215034914487035
39.034840165925566,52.65711847365485,32.869769888706706,1,1,3,9.920134827634053,44.56578312981131
16.105710987950573,15.659925204100613,30.99911387560838,0,0,3,23.088028967570263,27.131356261235346
70.53138763546289,84.28067674889736,25.036202209749405,0,1,2,5.302193745687889,63.63390928350991
46.000754511283134,15.182438236522717,6.61590379819327,1,0,0,54.875752069417935,45.606043994494094
92.09701031588027,101.95970149959854,27.422842831559684,0,0,3,15.859185530181353,98.7873712964061
33.588559395798036,19.71763410681088,13.215922183786347,0,0,2,74.55706137687666,43.78688495865522
48.255382235127875,106.13389493258202,12.483965078919027,1,1,1,78.28351671012224,18.25404689313998
44.07176103679503,26.840426165733412,1.7808129656211191,1,1,1,47.947612264608466,34.99720452523457
78.14526899946608,69.7428270744766,26.968475042794825,1,1,1,45.125939964683184,50.74479157609365
79.18247075230536,90.04396236295814,15.211230965371186,1,1,1,51.050673605967,64.54843007582384
87.63916656077637,101.10855386658619,36.73217086116003,1,0,1,27.584991949024595,72.40936691075531
23.805541530678177,71.63276137584295,34.705687509401805,1,0,3,63.19661839519636,15.864291443523957
88.1153229494002,38.88772592880499,19.323290855681805,0,0,3,94.67651068794521,99.48300500904071
34.191207459542305,118.60599557356417,18.221141097739697,0,1,2,1.7286114378009643,19.619976611610085
60.60588062667025,59.515277309474726,12.96076692949585,1,0,1,28.4558686153761,73.8745963373824
61.103304511680946,0.6859173518241146,25.279813326279257,1,1,0,84.70893087547392,56.221423955714656
61.72497555423811,64.06962606160126,0.9872842482069322,1,1,3,50.30036122326146,35.39134377158968
36.0372802759245,70.50264871895536,9.748827093454885,0,1,2,26.05577865571924,48.57028524783367
13.492034986074442,49.60201678012349,11.84559295448599,0,0,1,31.37024520886147,28.34471506601594
31.51308868002577,112.97133473044852,20.61073659272601,1,0,0,47.17959205649932,37.43470566668407
30.457972307459634,2.680079736458967,31.716590665049257,1,0,0,42.468705605480054,15.256269116559162
30.507182757360273,95.94448525167503,11.776741406192155,1,0,3,85.46638860708741,26.412455593997016
98.26142576581395,16.469374757620447,19.1395948636104,0,0,2,96.74811460108145,113.90585400066382
17.703573776744353,34.98836880535309,26.926907621320353,0,0,1,13.680897393015934,27.433312218923767
69.6182834766765,66.15651623618734,33.25655359748576,1,1,1,94.73850932216065,55.61654331124181
63.75432858899936,65.40587590299194,22.357647981622563,1,0,1,74.54444263422745,49.613308849238535
34.13058840770463,106.61392538385661,14.32983363738678,0,0,3,24.44477255539671,16.149228901679255
90.66997503348901,91.59035828489438,12.750829773454777,1,0,0,46.47152740409661,61.90064186360081
94.63403147757266,27.210168582304398,19.607051797061782,1,0,0,36.10495353892181,75.25599267265711
85.72753116983696,23.641759900226077,17.05646631690889,1,0,2,64.21059478553126,61.744717274588986
72.03103457225032,117.60734601730132,33.5520099326059,1,1,0,86.0004712612122,55.95541988736032
86.36228686569663,114.22458669421096,14.425888060013614,1,1,0,30.226191552213088,73.43889631722048
83.07147328135048,13.948070570215494,11.903155544917944,0,1,1,45.597607570868206,94.98324615243526
56.685942947611565,4.069545926942317,6.786108760262013,1,0,2,71.5010377793865,52.665266439761496
77.61532097835071,37.31279924120814,0.47469277040189883,0,0,3,65.78952758552855,91.71644786292488
9.038871243107305,18.57534522482053,14.457291231485701,1,0,1,40.499975610471076,-7.851443745728639
49.99781705270495,63.13738061053271,17.617884747978643,1,1,0,6.166351889772992,47.50238904322631
60.53660119042116,73.90251739500539,1.0979127859714932,1,1,2,43.349848565547056,70.91513208600371
9.810220703069493,119.43949420941496,8.48078321345172,0,0,3,79.45905395805498,24.40291460633733
1.9202848717837284,71.44484502579242,39.07330424331159,0,0,2,24.305621072928773,19.735264947611945
0.6521973704560313,11.458789654752524,34.39350269376203,1,1,3,1.3961002019429625,-1.4562386860403347
68.90684715937927,41.88989025539631,16.0406174152407,0,0,0,54.24860030116133,60.58730343140569
7.308113983276998,13.165417712073687,20.108417122671867,1,1,0,90.06090660811525,9.963945261026161
81.09326847167333,13.64146927881006,4.470269810261609,1,0,0,79.10277933238031,92.39594261467312
61.0490265536279,73.26872114228166,13.941779407088797,0,1,1,34.16285458923735,63.851878380522855
22.14408334654606,16.27063412934909,38.24774678640978,0,0,0,23.473945816246065,11.8912807895833
28.27807383295522,75.08784722589355,38.9333483299552,1,0,2,31.117380639653412,20.132714546020303
34.895773404941785,64.18036246043842,21.751475926657452,1,1,0,26.558382233746492,26.364070451198327
13.77439725572347,57.78512629593494,33.23357810431191,1,0,3,72.59091542950767,3.89903819204595
43.95103736724213,84.38786877568697,32.76635191587157,0,1,0,5.255197612379769,41.21423366368349
40.97921124389785,41.90273591395585,15.912669354578735,0,0,2,98.55106454502396,52.58860284396799
92.72743793958314,21.3968344629021,37.091560219887995,1,0,3,12.863566159319584,105.92985019211847
4.478920653865326,64.70327967913934,17.559695726069265,1,1,0,35.58827042704312,-11.980682002236197
8.728050861034598,42.689699287694,1.7818572223128015,1,1,0,21.573446472448776,-12.564163221612073
89.53791807653863,104.10753515059423,29.476495330677245,0,1,1,54.469982551822646,77.97851386227354
64.8586610731507,73.79829120286723,30.777190143193707,1,1,1,75.96595489946208,82.10840125486403
97.53516582257168,78.91677875234353,32.62827973108388,1,1,1,29.959717711882117,92.49624883528658
96.93732157505947,62.34062727496551,34.48073003401323,1,0,2,80.73160532802582,108.07790858205915
49.480360966089464,94.27836591153843,36.6539617765477,1,1,1,72.01776585661224,36.56558043828663
8.30334750517201,69.11099525230759,29.999922822891094,0,0,2,98.42333854063318,36.660868578804994
93.67138943954922,35.23389162001653,29.87607771977264,0,0,2,20.08828452488651,108.37252114714042
83.86428313523398,16.692156532521985,4.589107147656324,1,0,2,50.88081165710905,74.4581197107049
16.88173303483891,25.67106400085089,24.642727516776507,0,0,1,84.35882825403213,29.870530230955097
33.90875560937013,6.740872304730918,22.25452096840604,1,0,1,66.82344224779588,29.536151026904168
96.13122550130517,57.645770385096355,11.53798240457851,1,1,1,46.17985237726954,84.97644074332942
18.327925801753786,74.83866120247002,23.726298321936355,1,1,3,11.75139157155044,-0.4940938564795321
52.26178890920244,83.49554012602724,0.30320803700910837,0,0,0,39.64445714503797,51.27087352497619
92.91912881282953,115.55468604982899,24.7961384308342,0,1,3,3.231158852668392,75.32794827341222
10.963323121528202,76.3641740020942,35.73588618430336,1,1,0,25.00919712175588,0.21900752008978897
46.5546865900132,39.54556222952264,29.721790243833905,0,1,1,30.257340657558053,49.420537466258764
61.91829403969245,105.9680091520846,11.27027442208892,0,0,2,24.055284709538014,54.05062704280673
97.45806279123404,51.56449363601402,38.5421572447708,1,0,1,13.667077861448284,95.76397935359341
32.11932862393544,33.473139754503116,18.9620276173195,1,0,1,43.114673301114905,32.84217978465231
95.79813692168685,67.99104590806421,11.980921506559636,0,0,1,40.75328684452847,92.44413998067272
87.53024019897015,81.6605300414536,24.862283290255817,1,0,1,10.532786064330523,79.47536441778306
21.28431693280205,62.68453180626502,37.93493791990053,1,0,0,18.9469212300865,-0.25204662222238916
74.92589196132849,98.45407304315503,1.9541134930700332,0,0,2,61.15014764051242,73.8489430637229
85.17202552299716,47.37166029297234,37.282094970898456,0,0,0,46.66629366781853,99.51885974557348
36.58704745783492,84.55415001614861,37.580467454922804,0,0,2,38.14467447446725,36.147983358054056
68.45703552498998,0.7714830163775765,6.228326657732084,0,0,1,26.53167426920119,80.68405201111302
54.43042378377668,81.17461809550413,15.99987632650674,0,1,2,36.123807929942316,55.67737543446436
17.544778848843766,76.92272010881933,22.934815430793126,1,0,0,72.04434843142555,23.771198422563895
60.47588120715931,71.96935983281544,6.815634874121406,1,1,3,57.34972614213881,64.12506263411984
5.354650556898388,21.405507255051436,9.440501052974376,1,0,2,91.44795244017014,11.469222072410652
12.870980610863192,70.95836148847614,2.8355160794777,0,0,1,60.59103715525255,24.17040761011566
33.286752256757325,78.5037111139204,34.86324767433827,1,1,2,86.57017899838307,33.50577302533687
81.51580837416428,88.00370518689529,3.3366857341189737,1,0,2,59.885875351956265,66.16967342336591
56.587761464166064,77.1388143911451,2.079810902215957,0,1,1,73.99475643648174,46.613810275231415
15.171787992223774,110.28604066066157,2.2632510314741916,0,1,0,90.55758995559825,9.246126059369477
18.835902080858467,108.89373392489452,20.636396470965327,1,1,2,67.15299089426672,-1.5722446419594682
8.145189422076882,20.771532116238895,2.6541485548464827,0,0,0,5.844208931389295,2.2303736640219833
85.25995992073643,2.51136554654086,21.32064915451388,0,0,0,60.909244456876124,84.593367488451
74.97768163633853,104.69216094046301,23.751734542774315,1,0,2,85.62157747337659,78.86172089251795
47.13673405901439,116.50730482325308,36.3583787091862,0,1,2,66.95838266228655,60.80629078512111
94.33952707684423,29.394205230516633,33.91872256491263,0,0,3,68.99705528928541,98.21201180242944
84.72271680633465,41.891056463732944,19.442709066568817,1,1,3,58.174043320804024,77.77515062588027
99.57026624770303,64.64270787209446,8.461088157444244,1,1,1,86.6526364298461,93.21052996273596
33.417659708166426,36.15447632078235,32.466619460832064,0,0,3,39.01960966952389,38.81062651117865
82.1454503034271,34.62014181446894,20.708427852699785,0,1,1,93.57433834030209,91.00139617938402
49.47309741940443,7.51415580259593,19.950855813757094,0,0,1,40.94954937143501,61.9952418726202
54.68944142192004,66.72996393324348,35.525083812788736,1,1,3,74.0760421739399,54.23054296627048
52.90288615336932,68.77980983206544,16.514717846176687,0,1,2,23.439028865096358,55.95256246880001
14.673002718956685,114.20646124622759,27.01054948146348,1,1,1,62.61921889538815,5.918019521645947
44.336773301953535,60.38644979546782,0.5261777524738331,1,0,3,95.81048896213099,38.986122585970676
32.90821097707186,52.51599191818822,0.8475248823047465,0,1,0,37.724150946776724,32.801837828117286
27.42368762224362,81.67973717857457,33.77138759602224,1,1,3,41.29889602072152,15.415425896830465
91.58409768562541,12.012134608398291,3.583770824597736,1,0,2,0.4959103501844364,95.54250058039482
68.32503390374558,20.30919138246487,21.786273865937694,0,1,2,46.44652463493246,72.43308290851449
67.76925128835066,17.192506336693558,17.179928859211078,0,1,3,42.097412991775265,68.46655092364468
68.2455443592742,3.144599262975869,15.137614693383297,1,1,3,23.11663767143507,53.79516560165651
28.04742172415252,101.51523604812206,26.6446564643659,1,1,2,11.92004859763548,1.872580974151182
98.05286048296207,97.74604472204783,11.322037838427903,0,1,1,24.64213151901271,91.49865311501507
9.359721099829532,27.06368600952485,38.30247151650851,1,1,2,6.9085422059498525,0.2707260905838935
30.952618254713716,30.582393076430648,38.541624746075215,1,0,3,92.91305638084285,33.41854882477944
0.16969322260249609,107.2101203321161,5.744379159892166,1,0,0,16.314251229748656,-4.63200185721303
87.22270734897162,118.62479011182224,37.457280778947826,0,0,0,71.79133007833543,110.22027369904211
43.34370870347761,97.18738668367936,4.21487435170758,0,0,1,17.980669666202164,41.515851439962546
19.327897699933526,72.27459948670771,17.37972743189569,1,1,2,75.46083119131386,13.689938239537694
92.98511836481629,62.883254089679504,19.1517415442595,0,1,1,84.41794438475911,104.70507285479434
32.7861090493385,7.7707341978860045,25.75607857910365,1,1,3,0.369141389689831,29.82758405628533
84.4379418946286,9.360435712671018,16.240656331098556,1,0,3,45.26433217974903,112.40833493717821
44.49670338556224,116.99586064068927,4.926817368479193,1,1,3,56.88299606286426,40.17266931052923
1.4511077588047039,32.73294797979815,16.934801906220002,0,0,3,23.934429312758777,5.3507570609110156
16.61793463411978,3.520901509597665,17.681919219695136,0,1,0,59.79199078137911,9.848696176816382
81.92378868667888,53.02224937458611,3.8657614730011236,0,0,0,7.396865477325365,63.31225936362934
3.2414288986375994,27.382871769741616,16.576083268319387,1,1,2,81.17091700523733,-4.565129732562877
69.03330459158985,63.90543053156491,4.939197034787468,0,0,0,42.266156773971296,77.27018622692825
95.28816852641312,46.75001667694217,29.531590037352263,0,1,0,23.64032196396215,89.366810641716
34.56688232270836,36.38353479077096,1.2746775941387467,0,0,0,39.16720305239687,40.42552610758315
19.652544922300073,118.86140933786501,13.441939062407688,1,1,1,53.37544665183802,15.867910896006368
23.231848751836647,79.22464069728865,25.169512340167316,0,1,0,93.32164315735852,24.600347422780843
73.02432651703795,0.19140698560020653,37.02516553793942,1,1,2,14.475688130437858,74.95025454189249
8.369971948877975,88.62667282482685,39.84218885400131,1,0,2,49.0732657286006,-5.022609712409366
57.53297751778078,1.402966432217272,8.66246436398404,0,0,2,79.91312710995794,50.54476169737262
42.50155334266822,81.71688429480407,28.61868239512029,1,1,0,71.77909715740532,51.61010487546275
34.0777439561494,66.69352375778536,32.24666691320317,1,1,3,85.88589835774287,47.59897774520034
7.165832977055963,61.92430347830875,7.062869472418338,1,1,3,63.4984393268317,-1.8374771690912346
30.05807740137617,87.78436246541047,23.18749509210514,0,0,0,8.206640485686457,19.31394632582016
46.92270971292821,72.79841401830559,2.6302725703658414,0,1,2,19.366973691936472,44.567793951548744
85.3095600093287,97.85741983530811,39.3175736055784,0,1,2,72.26004949425857,100.10464490287075
57.06732836944924,76.01769128665563,29.814686252462373,0,0,0,20.20540402533255,59.80020230736648
52.07677898298921,17.770751895233236,6.900775771439114,1,0,2,71.88729617295161,47.70309964041106
24.31851349431201,25.39673526803142,18.21997274365257,1,1,2,10.159110374203983,-7.438229064464863
92.9220260107673,93.94347619477189,35.35311794248403,1,0,0,35.54934065867611,98.11588378658892
81.55814250999967,93.50077743161137,39.313444152209414,1,0,0,55.4541923238469,66.31925753398667
77.68297081123559,77.66438403770073,29.183434197920107,1,1,3,85.33417297743209,79.14235072814166
6.09582976033034,57.217791764865076,15.954042749928096,0,1,2,17.669877347152052,1.9376467111245197
49.11932585637487,103.4353501997467,35.50799853704661,0,0,2,70.91175848831182,62.19274402836214
95.94274265738785,95.90207387188366,33.33738017911297,0,1,3,37.02302770880787,98.71449341253593
78.64964825005532,8.45797323513116,25.049877092224747,0,0,3,63.45868043846534,82.66206325114702
18.412865266809508,21.21725979345935,35.43881254751286,0,0,1,83.98025237870017,49.87189172342393
74.97656305133992,87.28272016654124,24.52148096910545,1,0,0,9.562664921803021,58.31028404295065
84.53228247467634,50.22283943224317,22.814777987372942,0,0,3,33.835530879081254,84.99355861365302
33.204997519850735,40.44650279388322,1.2103370789318912,1,0,3,42.26136817323961,34.25132404639598
71.77968410999301,113.29835015314744,19.409674878523585,1,1,0,76.48394930113196,65.7422936006267
94.66455188407504,118.50744706771012,22.08515057977483,0,0,3,4.016931988640671,106.61759840866092
55.90718464703133,11.047557221193669,27.99631656061651,0,1,3,43.860751051617484,55.71263002803036
40.88383322042408,81.21583728179233,35.41521614489323,1,0,0,45.912181104109074,35.911893846911255
16.033046208706647,44.29588508479349,4.356439362645599,1,0,0,29.52806068032703,-17.06352001056173
21.032562425616142,75.54510743186049,0.580818304825832,1,1,1,4.540016743860454,-4.1901286446212325
10.581146429134858,92.98710372375005,31.621598389727986,0,0,1,86.15326957887157,17.719748275931657
70.15800079916367,64.02778075302513,26.733063588772772,0,0,2,24.498941763598925,85.48584934499783
68.9599758381814,83.1162293684772,27.35186735951015,0,0,1,1.4563501262490397,60.98261677013094
90.26432698810666,35.98050109351682,16.161806533174484,0,0,2,70.42938424432394,118.74618326712724
9.268387049340255,102.10899721129668,14.774306057132316,0,1,0,24.863131087003122,-6.955325328801557
79.39277176481959,95.81413572265637,39.6488120831,1,1,2,34.81488722532199,69.74680121817572
32.961995463031144,40.342323584974395,1.899590316023434,1,0,1,29.1977114847196,39.31742125165689
40.981654105754075,27.354777215633824,14.899602354669742,0,1,1,18.022229424108684,39.795979595724376
81.16617304613362,57.03673992423222,14.623255934598593,1,0,1,8.054406663797364,82.22576689357054
60.080281023655004,94.17820327324975,27.344921510945927,1,1,2,97.16043969380839,59.38695769465404
95.89866054816781,43.909121801679404,8.50017134428767,1,0,3,59.32759176425804,78.61084924729875
38.82684646695246,34.82453653785822,1.2725360868820434,1,1,0,57.79085588303674,42.03745646134965
23.717840609144613,43.99122007345703,14.322791375197795,1,0,3,28.923933864275618,27.083426668367082
51.635880963824874,44.06371651825613,8.093052254485613,1,1,0,94.98987200145548,39.88195620005965
23.84127473275065,44.848515660092765,6.86839407768697,1,0,1,69.52903717558077,23.955450215404696
54.034549337150125,17.268309852676893,14.353412875292841,1,0,2,53.847133249626864,74.38817495245777
71.58630817733729,59.15807019582735,7.717359163545017,0,1,3,40.3817285081578,61.65239064697147
28.11835739556554,18.551031429395927,4.173894829340012,0,1,0,75.07779324038209,33.3615597544721
22.73434176895187,40.301842718985974,19.900108720907113,0,1,3,7.617883478411547,31.740744250208287
3.8980421635293028,10.5343812515634,3.2349492801118096,0,1,3,81.21237571825269,17.81473589308188
48.29147861518369,40.50146846204004,23.799509855353854,0,1,1,17.924894045921068,53.43548420556348
46.839001886903,26.643910301755163,39.1041052046,1,1,1,53.970658614271436,66.3040453717212
95.27291959773044,107.4446103092149,12.135756970125446,0,1,2,97.6745928872595,91.36442156697701
93.60978268222104,74.69973463733989,38.153607872509,1,0,2,61.875922058203145,96.14027616119749
84.61605306125213,6.9266964397093655,39.765342273254106,0,1,0,88.9814457504535,100.80929606299479
18.901586257764393,84.13762811875013,13.631847703892914,1,0,2,84.84685841232624,26.7863372810204
49.07902930769363,39.9948263900006,3.781272678580514,0,1,3,23.066655911703737,38.89192681174292
11.181122540899214,112.54767651999032,32.481656464245916,1,1,2,86.10095254005856,0.9507938971703327
63.62380331150032,81.18615992933316,5.791766160360887,0,0,3,50.185681833105356,77.28504918664585
99.71337819993596,100.85438525187001,37.278972328388335,0,1,1,51.93889321335771,87.93362200988471
7.877042888740404,112.42584492261393,1.8908810971344536,1,0,3,4.822566347338054,-2.123256220248277
83.31830238342913,79.28012045050046,11.61009536312747,0,1,0,31.468689958508833,74.2327305075515
19.03936929623722,93.1326921279374,25.15058376225422,1,0,2,45.22102750132383,18.702477390057243
16.76539750990108,41.77602069440272,32.88113578476438,0,1,2,43.12810292034948,16.041064273446576
42.451887355991545,106.42875435456976,4.543692830096195,1,1,3,65.94420719178068,51.05776985461437
52.98809919003734,46.03251736001089,32.67676967009534,0,0,0,96.40892047704001,66.28696729479812
60.1654343178384,33.839071525451075,31.399358671884457,1,1,1,87.74831987193988,53.17127836232247
50.682693373322095,36.526955375250765,2.8161256453310646,1,1,2,51.855672318620336,29.864035448960085
53.31202773673077,104.56441959611247,15.196431081448885,1,1,2,56.09775536578425,50.40379166717647
40.23118006695889,4.660515327668637,23.368304001884074,1,1,1,76.43705703681864,21.806187842541387
92.72020258658218,44.29171493707636,8.951993139474595,0,1,3,30.188827773904624,90.82532803814269
62.55692570948204,24.864571551407888,21.16557191768092,1,1,3,64.93677086485329,56.35444346529894
45.99323231629748,28.986795429807827,4.426216387982609,1,1,2,57.293587653871256,29.051457090927947
4.898681939743721,43.291705099503474,15.609172197559435,1,1,1,19.761334137730515,-10.85744980566702
42.59015116127568,53.19588772564596,21.487166479409105,1,0,3,68.7613590332558,44.82310623416428
12.185801486847591,25.808907140264886,18.261724859811032,0,0,2,70.98941783650986,26.378353848800113
5.400007652497485,15.51191158389833,35.56012702765175,1,1,3,11.999939250704783,3.702173621610921
74.54146578342929,5.813099895496028,6.8270241485767125,1,1,1,67.74312810424762,66.16877812236703
20.022284603211027,99.934737049549,0.26272715122351187,0,0,2,34.349388486000386,19.05404409313404
22.571701646526222,35.3333661457969,23.89159019605455,0,0,1,64.74319767947836,34.08091349392809
84.51648990822353,97.81645152405764,10.542332595048421,0,0,2,12.762309062092125,83.91281006227891
77.78183362369457,7.9010040563864425,17.73247625952198,0,0,1,34.41632668654533,77.37403012298914
